_id,Goal,Target,Indicator,SeriesCode,SeriesDescription,GeoAreaCode,GeoAreaName,TimePeriod,Value,Time_Detail,Source,FootNote,BasePeriod
677b7072cb99d2593c73ff09,6,6.1,6.1.1,SH_H2O_SAFE,"Proportion of population using safely managed drinking water services, by urban/rural (%)",360,Indonesia,2000,23.54184,2000,"WHO/UNICEF Joint Monitoring Programme for Water Supply, Sanitation and Hygiene (2023)",,
677b7072cb99d2593c73ff0a,6,6.1,6.1.1,SH_H2O_SAFE,"Proportion of population using safely managed drinking water services, by urban/rural (%)",360,Indonesia,2000,31.42975,2000,"WHO/UNICEF Joint Monitoring Programme for Water Supply, Sanitation and Hygiene (2023)",,
677b7072cb99d2593c73ff0b,6,6.1,6.1.1,SH_H2O_SAFE,"Proportion of population using safely managed drinking water services, by urban/rural (%)",360,Indonesia,2000,17.82945,2000,"WHO/UNICEF Joint Monitoring Programme for Water Supply, Sanitation and Hygiene (2023)",,
677b7072cb99d2593c73ff0c,6,6.1,6.1.1,SH_H2O_SAFE,"Proportion of population using safely managed drinking water services, by urban/rural (%)",360,Indonesia,2001,31.57522,2001,"WHO/UNICEF Joint Monitoring Programme for Water Supply, Sanitation and Hygiene (2023)",,
677b7072cb99d2593c73ff0d,6,6.1,6.1.1,SH_H2O_SAFE,"Proportion of population using safely managed drinking water services, by urban/rural (%)",360,Indonesia,2001,18.12156,2001,"WHO/UNICEF Joint Monitoring Programme for Water Supply, Sanitation and Hygiene (2023)",,
677b7072cb99d2593c73ff0e,6,6.1,6.1.1,SH_H2O_SAFE,"Proportion of population using safely managed drinking water services, by urban/rural (%)",360,Indonesia,2001,23.87744,2001,"WHO/UNICEF Joint Monitoring Programme for Water Supply, Sanitation and Hygiene (2023)",,
677b7072cb99d2593c73ff0f,6,6.1,6.1.1,SH_H2O_SAFE,"Proportion of population using safely managed drinking water services, by urban/rural (%)",360,Indonesia,2002,31.7207,2002,"WHO/UNICEF Joint Monitoring Programme for Water Supply, Sanitation and Hygiene (2023)",,
677b7072cb99d2593c73ff10,6,6.1,6.1.1,SH_H2O_SAFE,"Proportion of population using safely managed drinking water services, by urban/rural (%)",360,Indonesia,2002,24.21128,2002,"WHO/UNICEF Joint Monitoring Programme for Water Supply, Sanitation and Hygiene (2023)",,
677b7072cb99d2593c73ff11,6,6.1,6.1.1,SH_H2O_SAFE,"Proportion of population using safely managed drinking water services, by urban/rural (%)",360,Indonesia,2002,18.41367,2002,"WHO/UNICEF Joint Monitoring Programme for Water Supply, Sanitation and Hygiene (2023)",,
677b7072cb99d2593c73ff12,6,6.1,6.1.1,SH_H2O_SAFE,"Proportion of population using safely managed drinking water services, by urban/rural (%)",360,Indonesia,2003,18.70578,2003,"WHO/UNICEF Joint Monitoring Programme for Water Supply, Sanitation and Hygiene (2023)",,
677b7072cb99d2593c73ff13,6,6.1,6.1.1,SH_H2O_SAFE,"Proportion of population using safely managed drinking water services, by urban/rural (%)",360,Indonesia,2003,31.86618,2003,"WHO/UNICEF Joint Monitoring Programme for Water Supply, Sanitation and Hygiene (2023)",,
677b7072cb99d2593c73ff14,6,6.1,6.1.1,SH_H2O_SAFE,"Proportion of population using safely managed drinking water services, by urban/rural (%)",360,Indonesia,2003,24.54321,2003,"WHO/UNICEF Joint Monitoring Programme for Water Supply, Sanitation and Hygiene (2023)",,
677b7072cb99d2593c73ff15,6,6.1,6.1.1,SH_H2O_SAFE,"Proportion of population using safely managed drinking water services, by urban/rural (%)",360,Indonesia,2004,24.87348,2004,"WHO/UNICEF Joint Monitoring Programme for Water Supply, Sanitation and Hygiene (2023)",,
677b7072cb99d2593c73ff16,6,6.1,6.1.1,SH_H2O_SAFE,"Proportion of population using safely managed drinking water services, by urban/rural (%)",360,Indonesia,2004,32.01165,2004,"WHO/UNICEF Joint Monitoring Programme for Water Supply, Sanitation and Hygiene (2023)",,
677b7072cb99d2593c73ff17,6,6.1,6.1.1,SH_H2O_SAFE,"Proportion of population using safely managed drinking water services, by urban/rural (%)",360,Indonesia,2004,18.99789,2004,"WHO/UNICEF Joint Monitoring Programme for Water Supply, Sanitation and Hygiene (2023)",,
677b7072cb99d2593c73ff18,6,6.1,6.1.1,SH_H2O_SAFE,"Proportion of population using safely managed drinking water services, by urban/rural (%)",360,Indonesia,2005,32.15713,2005,"WHO/UNICEF Joint Monitoring Programme for Water Supply, Sanitation and Hygiene (2023)",,
677b7072cb99d2593c73ff19,6,6.1,6.1.1,SH_H2O_SAFE,"Proportion of population using safely managed drinking water services, by urban/rural (%)",360,Indonesia,2005,25.20142,2005,"WHO/UNICEF Joint Monitoring Programme for Water Supply, Sanitation and Hygiene (2023)",,
677b7072cb99d2593c73ff1a,6,6.1,6.1.1,SH_H2O_SAFE,"Proportion of population using safely managed drinking water services, by urban/rural (%)",360,Indonesia,2005,19.29,2005,"WHO/UNICEF Joint Monitoring Programme for Water Supply, Sanitation and Hygiene (2023)",,
677b7072cb99d2593c73ff1b,6,6.1,6.1.1,SH_H2O_SAFE,"Proportion of population using safely managed drinking water services, by urban/rural (%)",360,Indonesia,2006,32.30261,2006,"WHO/UNICEF Joint Monitoring Programme for Water Supply, Sanitation and Hygiene (2023)",,
677b7072cb99d2593c73ff1c,6,6.1,6.1.1,SH_H2O_SAFE,"Proportion of population using safely managed drinking water services, by urban/rural (%)",360,Indonesia,2006,25.52742,2006,"WHO/UNICEF Joint Monitoring Programme for Water Supply, Sanitation and Hygiene (2023)",,
677b7072cb99d2593c73ff1d,6,6.1,6.1.1,SH_H2O_SAFE,"Proportion of population using safely managed drinking water services, by urban/rural (%)",360,Indonesia,2006,19.58212,2006,"WHO/UNICEF Joint Monitoring Programme for Water Supply, Sanitation and Hygiene (2023)",,
677b7072cb99d2593c73ff1e,6,6.1,6.1.1,SH_H2O_SAFE,"Proportion of population using safely managed drinking water services, by urban/rural (%)",360,Indonesia,2007,19.87423,2007,"WHO/UNICEF Joint Monitoring Programme for Water Supply, Sanitation and Hygiene (2023)",,
677b7072cb99d2593c73ff1f,6,6.1,6.1.1,SH_H2O_SAFE,"Proportion of population using safely managed drinking water services, by urban/rural (%)",360,Indonesia,2007,25.85121,2007,"WHO/UNICEF Joint Monitoring Programme for Water Supply, Sanitation and Hygiene (2023)",,
677b7072cb99d2593c73ff20,6,6.1,6.1.1,SH_H2O_SAFE,"Proportion of population using safely managed drinking water services, by urban/rural (%)",360,Indonesia,2007,32.44808,2007,"WHO/UNICEF Joint Monitoring Programme for Water Supply, Sanitation and Hygiene (2023)",,
677b7072cb99d2593c73ff21,6,6.1,6.1.1,SH_H2O_SAFE,"Proportion of population using safely managed drinking water services, by urban/rural (%)",360,Indonesia,2008,32.59356,2008,"WHO/UNICEF Joint Monitoring Programme for Water Supply, Sanitation and Hygiene (2023)",,
677b7072cb99d2593c73ff22,6,6.1,6.1.1,SH_H2O_SAFE,"Proportion of population using safely managed drinking water services, by urban/rural (%)",360,Indonesia,2008,20.16634,2008,"WHO/UNICEF Joint Monitoring Programme for Water Supply, Sanitation and Hygiene (2023)",,
677b7072cb99d2593c73ff23,6,6.1,6.1.1,SH_H2O_SAFE,"Proportion of population using safely managed drinking water services, by urban/rural (%)",360,Indonesia,2008,26.17304,2008,"WHO/UNICEF Joint Monitoring Programme for Water Supply, Sanitation and Hygiene (2023)",,
677b7072cb99d2593c73ff24,6,6.1,6.1.1,SH_H2O_SAFE,"Proportion of population using safely managed drinking water services, by urban/rural (%)",360,Indonesia,2009,20.45845,2009,"WHO/UNICEF Joint Monitoring Programme for Water Supply, Sanitation and Hygiene (2023)",,
677b7072cb99d2593c73ff25,6,6.1,6.1.1,SH_H2O_SAFE,"Proportion of population using safely managed drinking water services, by urban/rural (%)",360,Indonesia,2009,32.73904,2009,"WHO/UNICEF Joint Monitoring Programme for Water Supply, Sanitation and Hygiene (2023)",,
677b7072cb99d2593c73ff26,6,6.1,6.1.1,SH_H2O_SAFE,"Proportion of population using safely managed drinking water services, by urban/rural (%)",360,Indonesia,2009,26.49239,2009,"WHO/UNICEF Joint Monitoring Programme for Water Supply, Sanitation and Hygiene (2023)",,
677b7072cb99d2593c73ff27,6,6.1,6.1.1,SH_H2O_SAFE,"Proportion of population using safely managed drinking water services, by urban/rural (%)",360,Indonesia,2010,20.75056,2010,"WHO/UNICEF Joint Monitoring Programme for Water Supply, Sanitation and Hygiene (2023)",,
677b7072cb99d2593c73ff28,6,6.1,6.1.1,SH_H2O_SAFE,"Proportion of population using safely managed drinking water services, by urban/rural (%)",360,Indonesia,2010,26.8071,2010,"WHO/UNICEF Joint Monitoring Programme for Water Supply, Sanitation and Hygiene (2023)",,
677b7072cb99d2593c73ff29,6,6.1,6.1.1,SH_H2O_SAFE,"Proportion of population using safely managed drinking water services, by urban/rural (%)",360,Indonesia,2010,32.88451,2010,"WHO/UNICEF Joint Monitoring Programme for Water Supply, Sanitation and Hygiene (2023)",,
677b7072cb99d2593c73ff2a,6,6.1,6.1.1,SH_H2O_SAFE,"Proportion of population using safely managed drinking water services, by urban/rural (%)",360,Indonesia,2011,33.02999,2011,"WHO/UNICEF Joint Monitoring Programme for Water Supply, Sanitation and Hygiene (2023)",,
677b7072cb99d2593c73ff2b,6,6.1,6.1.1,SH_H2O_SAFE,"Proportion of population using safely managed drinking water services, by urban/rural (%)",360,Indonesia,2011,27.10766,2011,"WHO/UNICEF Joint Monitoring Programme for Water Supply, Sanitation and Hygiene (2023)",,
677b7072cb99d2593c73ff2c,6,6.1,6.1.1,SH_H2O_SAFE,"Proportion of population using safely managed drinking water services, by urban/rural (%)",360,Indonesia,2011,21.04267,2011,"WHO/UNICEF Joint Monitoring Programme for Water Supply, Sanitation and Hygiene (2023)",,
677b7072cb99d2593c73ff2d,6,6.1,6.1.1,SH_H2O_SAFE,"Proportion of population using safely managed drinking water services, by urban/rural (%)",360,Indonesia,2012,21.33478,2012,"WHO/UNICEF Joint Monitoring Programme for Water Supply, Sanitation and Hygiene (2023)",,
677b7072cb99d2593c73ff2e,6,6.1,6.1.1,SH_H2O_SAFE,"Proportion of population using safely managed drinking water services, by urban/rural (%)",360,Indonesia,2012,33.17547,2012,"WHO/UNICEF Joint Monitoring Programme for Water Supply, Sanitation and Hygiene (2023)",,
677b7072cb99d2593c73ff2f,6,6.1,6.1.1,SH_H2O_SAFE,"Proportion of population using safely managed drinking water services, by urban/rural (%)",360,Indonesia,2012,27.40621,2012,"WHO/UNICEF Joint Monitoring Programme for Water Supply, Sanitation and Hygiene (2023)",,
677b7072cb99d2593c73ff30,6,6.1,6.1.1,SH_H2O_SAFE,"Proportion of population using safely managed drinking water services, by urban/rural (%)",360,Indonesia,2013,33.32094,2013,"WHO/UNICEF Joint Monitoring Programme for Water Supply, Sanitation and Hygiene (2023)",,
677b7072cb99d2593c73ff31,6,6.1,6.1.1,SH_H2O_SAFE,"Proportion of population using safely managed drinking water services, by urban/rural (%)",360,Indonesia,2013,21.6269,2013,"WHO/UNICEF Joint Monitoring Programme for Water Supply, Sanitation and Hygiene (2023)",,
677b7072cb99d2593c73ff32,6,6.1,6.1.1,SH_H2O_SAFE,"Proportion of population using safely managed drinking water services, by urban/rural (%)",360,Indonesia,2013,27.70254,2013,"WHO/UNICEF Joint Monitoring Programme for Water Supply, Sanitation and Hygiene (2023)",,
677b7072cb99d2593c73ff33,6,6.1,6.1.1,SH_H2O_SAFE,"Proportion of population using safely managed drinking water services, by urban/rural (%)",360,Indonesia,2014,33.46642,2014,"WHO/UNICEF Joint Monitoring Programme for Water Supply, Sanitation and Hygiene (2023)",,
677b7072cb99d2593c73ff34,6,6.1,6.1.1,SH_H2O_SAFE,"Proportion of population using safely managed drinking water services, by urban/rural (%)",360,Indonesia,2014,27.99699,2014,"WHO/UNICEF Joint Monitoring Programme for Water Supply, Sanitation and Hygiene (2023)",,
677b7072cb99d2593c73ff35,6,6.1,6.1.1,SH_H2O_SAFE,"Proportion of population using safely managed drinking water services, by urban/rural (%)",360,Indonesia,2014,21.91901,2014,"WHO/UNICEF Joint Monitoring Programme for Water Supply, Sanitation and Hygiene (2023)",,
677b7072cb99d2593c73ff36,6,6.1,6.1.1,SH_H2O_SAFE,"Proportion of population using safely managed drinking water services, by urban/rural (%)",360,Indonesia,2015,28.28922,2015,"WHO/UNICEF Joint Monitoring Programme for Water Supply, Sanitation and Hygiene (2023)",,
677b7072cb99d2593c73ff37,6,6.1,6.1.1,SH_H2O_SAFE,"Proportion of population using safely managed drinking water services, by urban/rural (%)",360,Indonesia,2015,33.6119,2015,"WHO/UNICEF Joint Monitoring Programme for Water Supply, Sanitation and Hygiene (2023)",,
677b7072cb99d2593c73ff38,6,6.1,6.1.1,SH_H2O_SAFE,"Proportion of population using safely managed drinking water services, by urban/rural (%)",360,Indonesia,2015,22.21112,2015,"WHO/UNICEF Joint Monitoring Programme for Water Supply, Sanitation and Hygiene (2023)",,
677b7072cb99d2593c73ff39,6,6.1,6.1.1,SH_H2O_SAFE,"Proportion of population using safely managed drinking water services, by urban/rural (%)",360,Indonesia,2016,28.57923,2016,"WHO/UNICEF Joint Monitoring Programme for Water Supply, Sanitation and Hygiene (2023)",,
677b7072cb99d2593c73ff3a,6,6.1,6.1.1,SH_H2O_SAFE,"Proportion of population using safely managed drinking water services, by urban/rural (%)",360,Indonesia,2016,33.75738,2016,"WHO/UNICEF Joint Monitoring Programme for Water Supply, Sanitation and Hygiene (2023)",,
677b7072cb99d2593c73ff3b,6,6.1,6.1.1,SH_H2O_SAFE,"Proportion of population using safely managed drinking water services, by urban/rural (%)",360,Indonesia,2016,22.50323,2016,"WHO/UNICEF Joint Monitoring Programme for Water Supply, Sanitation and Hygiene (2023)",,
677b7072cb99d2593c73ff3c,6,6.1,6.1.1,SH_H2O_SAFE,"Proportion of population using safely managed drinking water services, by urban/rural (%)",360,Indonesia,2017,22.79534,2017,"WHO/UNICEF Joint Monitoring Programme for Water Supply, Sanitation and Hygiene (2023)",,
677b7072cb99d2593c73ff3d,6,6.1,6.1.1,SH_H2O_SAFE,"Proportion of population using safely managed drinking water services, by urban/rural (%)",360,Indonesia,2017,28.8666,2017,"WHO/UNICEF Joint Monitoring Programme for Water Supply, Sanitation and Hygiene (2023)",,
677b7072cb99d2593c73ff3e,6,6.1,6.1.1,SH_H2O_SAFE,"Proportion of population using safely managed drinking water services, by urban/rural (%)",360,Indonesia,2017,33.90285,2017,"WHO/UNICEF Joint Monitoring Programme for Water Supply, Sanitation and Hygiene (2023)",,
677b7072cb99d2593c73ff3f,6,6.1,6.1.1,SH_H2O_SAFE,"Proportion of population using safely managed drinking water services, by urban/rural (%)",360,Indonesia,2018,29.15156,2018,"WHO/UNICEF Joint Monitoring Programme for Water Supply, Sanitation and Hygiene (2023)",,
677b7072cb99d2593c73ff40,6,6.1,6.1.1,SH_H2O_SAFE,"Proportion of population using safely managed drinking water services, by urban/rural (%)",360,Indonesia,2018,34.04833,2018,"WHO/UNICEF Joint Monitoring Programme for Water Supply, Sanitation and Hygiene (2023)",,
677b7072cb99d2593c73ff41,6,6.1,6.1.1,SH_H2O_SAFE,"Proportion of population using safely managed drinking water services, by urban/rural (%)",360,Indonesia,2018,23.08745,2018,"WHO/UNICEF Joint Monitoring Programme for Water Supply, Sanitation and Hygiene (2023)",,
677b7072cb99d2593c73ff42,6,6.1,6.1.1,SH_H2O_SAFE,"Proportion of population using safely managed drinking water services, by urban/rural (%)",360,Indonesia,2019,29.43392,2019,"WHO/UNICEF Joint Monitoring Programme for Water Supply, Sanitation and Hygiene (2023)",,
677b7072cb99d2593c73ff43,6,6.1,6.1.1,SH_H2O_SAFE,"Proportion of population using safely managed drinking water services, by urban/rural (%)",360,Indonesia,2019,34.19381,2019,"WHO/UNICEF Joint Monitoring Programme for Water Supply, Sanitation and Hygiene (2023)",,
677b7072cb99d2593c73ff44,6,6.1,6.1.1,SH_H2O_SAFE,"Proportion of population using safely managed drinking water services, by urban/rural (%)",360,Indonesia,2019,23.37956,2019,"WHO/UNICEF Joint Monitoring Programme for Water Supply, Sanitation and Hygiene (2023)",,
677b7072cb99d2593c73ff45,6,6.1,6.1.1,SH_H2O_SAFE,"Proportion of population using safely managed drinking water services, by urban/rural (%)",360,Indonesia,2020,29.71392,2020,"WHO/UNICEF Joint Monitoring Programme for Water Supply, Sanitation and Hygiene (2023)",,
677b7072cb99d2593c73ff46,6,6.1,6.1.1,SH_H2O_SAFE,"Proportion of population using safely managed drinking water services, by urban/rural (%)",360,Indonesia,2020,34.33928,2020,"WHO/UNICEF Joint Monitoring Programme for Water Supply, Sanitation and Hygiene (2023)",,
677b7072cb99d2593c73ff47,6,6.1,6.1.1,SH_H2O_SAFE,"Proportion of population using safely managed drinking water services, by urban/rural (%)",360,Indonesia,2020,23.67168,2020,"WHO/UNICEF Joint Monitoring Programme for Water Supply, Sanitation and Hygiene (2023)",,
677b7072cb99d2593c73ff48,6,6.1,6.1.1,SH_H2O_SAFE,"Proportion of population using safely managed drinking water services, by urban/rural (%)",360,Indonesia,2021,29.99125,2021,"WHO/UNICEF Joint Monitoring Programme for Water Supply, Sanitation and Hygiene (2023)",,
677b7072cb99d2593c73ff49,6,6.1,6.1.1,SH_H2O_SAFE,"Proportion of population using safely managed drinking water services, by urban/rural (%)",360,Indonesia,2021,23.96379,2021,"WHO/UNICEF Joint Monitoring Programme for Water Supply, Sanitation and Hygiene (2023)",,
677b7072cb99d2593c73ff4a,6,6.1,6.1.1,SH_H2O_SAFE,"Proportion of population using safely managed drinking water services, by urban/rural (%)",360,Indonesia,2021,34.48476,2021,"WHO/UNICEF Joint Monitoring Programme for Water Supply, Sanitation and Hygiene (2023)",,
677b7072cb99d2593c73ff4b,6,6.1,6.1.1,SH_H2O_SAFE,"Proportion of population using safely managed drinking water services, by urban/rural (%)",360,Indonesia,2022,34.63024,2022,"WHO/UNICEF Joint Monitoring Programme for Water Supply, Sanitation and Hygiene (2023)",,
677b7072cb99d2593c73ff4c,6,6.1,6.1.1,SH_H2O_SAFE,"Proportion of population using safely managed drinking water services, by urban/rural (%)",360,Indonesia,2022,30.26617,2022,"WHO/UNICEF Joint Monitoring Programme for Water Supply, Sanitation and Hygiene (2023)",,
677b7072cb99d2593c73ff4d,6,6.1,6.1.1,SH_H2O_SAFE,"Proportion of population using safely managed drinking water services, by urban/rural (%)",360,Indonesia,2022,24.2559,2022,"WHO/UNICEF Joint Monitoring Programme for Water Supply, Sanitation and Hygiene (2023)",,
677b7091cb99d2593c73ff4f,6,6.2,6.2.1,SH_SAN_HNDWSH,"Proportion of population with basic handwashing facilities on premises, by urban/rural (%)",360,Indonesia,2006,85.98663,2006,"WHO/UNICEF Joint Monitoring Programme for Water Supply, Sanitation and Hygiene (2023)",,
677b7091cb99d2593c73ff50,6,6.2,6.2.1,SH_SAN_HNDWSH,"Proportion of population with basic handwashing facilities on premises, by urban/rural (%)",360,Indonesia,2006,75.13763,2006,"WHO/UNICEF Joint Monitoring Programme for Water Supply, Sanitation and Hygiene (2023)",,
677b7091cb99d2593c73ff51,6,6.2,6.2.1,SH_SAN_HNDWSH,"Proportion of population with basic handwashing facilities on premises, by urban/rural (%)",360,Indonesia,2006,65.61752,2006,"WHO/UNICEF Joint Monitoring Programme for Water Supply, Sanitation and Hygiene (2023)",,
677b7091cb99d2593c73ff52,6,6.2,6.2.1,SH_SAN_HNDWSH,"Proportion of population with basic handwashing facilities on premises, by urban/rural (%)",360,Indonesia,2007,75.29998,2007,"WHO/UNICEF Joint Monitoring Programme for Water Supply, Sanitation and Hygiene (2023)",,
677b7091cb99d2593c73ff53,6,6.2,6.2.1,SH_SAN_HNDWSH,"Proportion of population with basic handwashing facilities on premises, by urban/rural (%)",360,Indonesia,2007,65.61752,2007,"WHO/UNICEF Joint Monitoring Programme for Water Supply, Sanitation and Hygiene (2023)",,
677b7091cb99d2593c73ff54,6,6.2,6.2.1,SH_SAN_HNDWSH,"Proportion of population with basic handwashing facilities on premises, by urban/rural (%)",360,Indonesia,2007,85.98663,2007,"WHO/UNICEF Joint Monitoring Programme for Water Supply, Sanitation and Hygiene (2023)",,
677b7091cb99d2593c73ff55,6,6.2,6.2.1,SH_SAN_HNDWSH,"Proportion of population with basic handwashing facilities on premises, by urban/rural (%)",360,Indonesia,2008,75.46293,2008,"WHO/UNICEF Joint Monitoring Programme for Water Supply, Sanitation and Hygiene (2023)",,
677b7091cb99d2593c73ff56,6,6.2,6.2.1,SH_SAN_HNDWSH,"Proportion of population with basic handwashing facilities on premises, by urban/rural (%)",360,Indonesia,2008,65.61752,2008,"WHO/UNICEF Joint Monitoring Programme for Water Supply, Sanitation and Hygiene (2023)",,
677b7091cb99d2593c73ff57,6,6.2,6.2.1,SH_SAN_HNDWSH,"Proportion of population with basic handwashing facilities on premises, by urban/rural (%)",360,Indonesia,2008,85.98663,2008,"WHO/UNICEF Joint Monitoring Programme for Water Supply, Sanitation and Hygiene (2023)",,
677b7091cb99d2593c73ff58,6,6.2,6.2.1,SH_SAN_HNDWSH,"Proportion of population with basic handwashing facilities on premises, by urban/rural (%)",360,Indonesia,2009,75.62568,2009,"WHO/UNICEF Joint Monitoring Programme for Water Supply, Sanitation and Hygiene (2023)",,
677b7091cb99d2593c73ff59,6,6.2,6.2.1,SH_SAN_HNDWSH,"Proportion of population with basic handwashing facilities on premises, by urban/rural (%)",360,Indonesia,2009,65.61752,2009,"WHO/UNICEF Joint Monitoring Programme for Water Supply, Sanitation and Hygiene (2023)",,
677b7091cb99d2593c73ff5a,6,6.2,6.2.1,SH_SAN_HNDWSH,"Proportion of population with basic handwashing facilities on premises, by urban/rural (%)",360,Indonesia,2009,85.98663,2009,"WHO/UNICEF Joint Monitoring Programme for Water Supply, Sanitation and Hygiene (2023)",,
677b7091cb99d2593c73ff5b,6,6.2,6.2.1,SH_SAN_HNDWSH,"Proportion of population with basic handwashing facilities on premises, by urban/rural (%)",360,Indonesia,2010,65.61752,2010,"WHO/UNICEF Joint Monitoring Programme for Water Supply, Sanitation and Hygiene (2023)",,
677b7091cb99d2593c73ff5c,6,6.2,6.2.1,SH_SAN_HNDWSH,"Proportion of population with basic handwashing facilities on premises, by urban/rural (%)",360,Indonesia,2010,85.98663,2010,"WHO/UNICEF Joint Monitoring Programme for Water Supply, Sanitation and Hygiene (2023)",,
677b7091cb99d2593c73ff5d,6,6.2,6.2.1,SH_SAN_HNDWSH,"Proportion of population with basic handwashing facilities on premises, by urban/rural (%)",360,Indonesia,2010,75.78456,2010,"WHO/UNICEF Joint Monitoring Programme for Water Supply, Sanitation and Hygiene (2023)",,
677b7091cb99d2593c73ff5e,6,6.2,6.2.1,SH_SAN_HNDWSH,"Proportion of population with basic handwashing facilities on premises, by urban/rural (%)",360,Indonesia,2011,76.14565,2011,"WHO/UNICEF Joint Monitoring Programme for Water Supply, Sanitation and Hygiene (2023)",,
677b7091cb99d2593c73ff5f,6,6.2,6.2.1,SH_SAN_HNDWSH,"Proportion of population with basic handwashing facilities on premises, by urban/rural (%)",360,Indonesia,2011,85.5911,2011,"WHO/UNICEF Joint Monitoring Programme for Water Supply, Sanitation and Hygiene (2023)",,
677b7091cb99d2593c73ff60,6,6.2,6.2.1,SH_SAN_HNDWSH,"Proportion of population with basic handwashing facilities on premises, by urban/rural (%)",360,Indonesia,2011,66.47268,2011,"WHO/UNICEF Joint Monitoring Programme for Water Supply, Sanitation and Hygiene (2023)",,
677b7091cb99d2593c73ff61,6,6.2,6.2.1,SH_SAN_HNDWSH,"Proportion of population with basic handwashing facilities on premises, by urban/rural (%)",360,Indonesia,2012,76.4897,2012,"WHO/UNICEF Joint Monitoring Programme for Water Supply, Sanitation and Hygiene (2023)",,
677b7091cb99d2593c73ff62,6,6.2,6.2.1,SH_SAN_HNDWSH,"Proportion of population with basic handwashing facilities on premises, by urban/rural (%)",360,Indonesia,2012,67.32784,2012,"WHO/UNICEF Joint Monitoring Programme for Water Supply, Sanitation and Hygiene (2023)",,
677b7091cb99d2593c73ff63,6,6.2,6.2.1,SH_SAN_HNDWSH,"Proportion of population with basic handwashing facilities on premises, by urban/rural (%)",360,Indonesia,2012,85.19558,2012,"WHO/UNICEF Joint Monitoring Programme for Water Supply, Sanitation and Hygiene (2023)",,
677b7091cb99d2593c73ff64,6,6.2,6.2.1,SH_SAN_HNDWSH,"Proportion of population with basic handwashing facilities on premises, by urban/rural (%)",360,Indonesia,2013,76.81639,2013,"WHO/UNICEF Joint Monitoring Programme for Water Supply, Sanitation and Hygiene (2023)",,
677b7091cb99d2593c73ff65,6,6.2,6.2.1,SH_SAN_HNDWSH,"Proportion of population with basic handwashing facilities on premises, by urban/rural (%)",360,Indonesia,2013,84.80005,2013,"WHO/UNICEF Joint Monitoring Programme for Water Supply, Sanitation and Hygiene (2023)",,
677b7091cb99d2593c73ff66,6,6.2,6.2.1,SH_SAN_HNDWSH,"Proportion of population with basic handwashing facilities on premises, by urban/rural (%)",360,Indonesia,2013,68.18301,2013,"WHO/UNICEF Joint Monitoring Programme for Water Supply, Sanitation and Hygiene (2023)",,
677b7091cb99d2593c73ff67,6,6.2,6.2.1,SH_SAN_HNDWSH,"Proportion of population with basic handwashing facilities on premises, by urban/rural (%)",360,Indonesia,2014,84.40453,2014,"WHO/UNICEF Joint Monitoring Programme for Water Supply, Sanitation and Hygiene (2023)",,
677b7091cb99d2593c73ff68,6,6.2,6.2.1,SH_SAN_HNDWSH,"Proportion of population with basic handwashing facilities on premises, by urban/rural (%)",360,Indonesia,2014,77.12625,2014,"WHO/UNICEF Joint Monitoring Programme for Water Supply, Sanitation and Hygiene (2023)",,
677b7091cb99d2593c73ff69,6,6.2,6.2.1,SH_SAN_HNDWSH,"Proportion of population with basic handwashing facilities on premises, by urban/rural (%)",360,Indonesia,2014,69.03817,2014,"WHO/UNICEF Joint Monitoring Programme for Water Supply, Sanitation and Hygiene (2023)",,
677b7091cb99d2593c73ff6a,6,6.2,6.2.1,SH_SAN_HNDWSH,"Proportion of population with basic handwashing facilities on premises, by urban/rural (%)",360,Indonesia,2015,84.009,2015,"WHO/UNICEF Joint Monitoring Programme for Water Supply, Sanitation and Hygiene (2023)",,
677b7091cb99d2593c73ff6b,6,6.2,6.2.1,SH_SAN_HNDWSH,"Proportion of population with basic handwashing facilities on premises, by urban/rural (%)",360,Indonesia,2015,77.41882,2015,"WHO/UNICEF Joint Monitoring Programme for Water Supply, Sanitation and Hygiene (2023)",,
677b7091cb99d2593c73ff6c,6,6.2,6.2.1,SH_SAN_HNDWSH,"Proportion of population with basic handwashing facilities on premises, by urban/rural (%)",360,Indonesia,2015,69.89333,2015,"WHO/UNICEF Joint Monitoring Programme for Water Supply, Sanitation and Hygiene (2023)",,
677b7091cb99d2593c73ff6d,6,6.2,6.2.1,SH_SAN_HNDWSH,"Proportion of population with basic handwashing facilities on premises, by urban/rural (%)",360,Indonesia,2016,83.61348,2016,"WHO/UNICEF Joint Monitoring Programme for Water Supply, Sanitation and Hygiene (2023)",,
677b7091cb99d2593c73ff6e,6,6.2,6.2.1,SH_SAN_HNDWSH,"Proportion of population with basic handwashing facilities on premises, by urban/rural (%)",360,Indonesia,2016,77.69417,2016,"WHO/UNICEF Joint Monitoring Programme for Water Supply, Sanitation and Hygiene (2023)",,
677b7091cb99d2593c73ff6f,6,6.2,6.2.1,SH_SAN_HNDWSH,"Proportion of population with basic handwashing facilities on premises, by urban/rural (%)",360,Indonesia,2016,70.74849,2016,"WHO/UNICEF Joint Monitoring Programme for Water Supply, Sanitation and Hygiene (2023)",,
677b7091cb99d2593c73ff70,6,6.2,6.2.1,SH_SAN_HNDWSH,"Proportion of population with basic handwashing facilities on premises, by urban/rural (%)",360,Indonesia,2017,77.95191,2017,"WHO/UNICEF Joint Monitoring Programme for Water Supply, Sanitation and Hygiene (2023)",,
677b7091cb99d2593c73ff71,6,6.2,6.2.1,SH_SAN_HNDWSH,"Proportion of population with basic handwashing facilities on premises, by urban/rural (%)",360,Indonesia,2017,71.60365,2017,"WHO/UNICEF Joint Monitoring Programme for Water Supply, Sanitation and Hygiene (2023)",,
677b7091cb99d2593c73ff72,6,6.2,6.2.1,SH_SAN_HNDWSH,"Proportion of population with basic handwashing facilities on premises, by urban/rural (%)",360,Indonesia,2017,83.21795,2017,"WHO/UNICEF Joint Monitoring Programme for Water Supply, Sanitation and Hygiene (2023)",,
677b7091cb99d2593c73ff73,6,6.2,6.2.1,SH_SAN_HNDWSH,"Proportion of population with basic handwashing facilities on premises, by urban/rural (%)",360,Indonesia,2018,78.19248,2018,"WHO/UNICEF Joint Monitoring Programme for Water Supply, Sanitation and Hygiene (2023)",,
677b7091cb99d2593c73ff74,6,6.2,6.2.1,SH_SAN_HNDWSH,"Proportion of population with basic handwashing facilities on premises, by urban/rural (%)",360,Indonesia,2018,72.45881,2018,"WHO/UNICEF Joint Monitoring Programme for Water Supply, Sanitation and Hygiene (2023)",,
677b7091cb99d2593c73ff75,6,6.2,6.2.1,SH_SAN_HNDWSH,"Proportion of population with basic handwashing facilities on premises, by urban/rural (%)",360,Indonesia,2018,82.82243,2018,"WHO/UNICEF Joint Monitoring Programme for Water Supply, Sanitation and Hygiene (2023)",,
677b7091cb99d2593c73ff76,6,6.2,6.2.1,SH_SAN_HNDWSH,"Proportion of population with basic handwashing facilities on premises, by urban/rural (%)",360,Indonesia,2019,78.41584,2019,"WHO/UNICEF Joint Monitoring Programme for Water Supply, Sanitation and Hygiene (2023)",,
677b7091cb99d2593c73ff77,6,6.2,6.2.1,SH_SAN_HNDWSH,"Proportion of population with basic handwashing facilities on premises, by urban/rural (%)",360,Indonesia,2019,73.31397,2019,"WHO/UNICEF Joint Monitoring Programme for Water Supply, Sanitation and Hygiene (2023)",,
677b7091cb99d2593c73ff78,6,6.2,6.2.1,SH_SAN_HNDWSH,"Proportion of population with basic handwashing facilities on premises, by urban/rural (%)",360,Indonesia,2019,82.4269,2019,"WHO/UNICEF Joint Monitoring Programme for Water Supply, Sanitation and Hygiene (2023)",,
677b7091cb99d2593c73ff79,6,6.2,6.2.1,SH_SAN_HNDWSH,"Proportion of population with basic handwashing facilities on premises, by urban/rural (%)",360,Indonesia,2020,78.62239,2020,"WHO/UNICEF Joint Monitoring Programme for Water Supply, Sanitation and Hygiene (2023)",,
677b7091cb99d2593c73ff7a,6,6.2,6.2.1,SH_SAN_HNDWSH,"Proportion of population with basic handwashing facilities on premises, by urban/rural (%)",360,Indonesia,2020,74.16913,2020,"WHO/UNICEF Joint Monitoring Programme for Water Supply, Sanitation and Hygiene (2023)",,
677b7091cb99d2593c73ff7b,6,6.2,6.2.1,SH_SAN_HNDWSH,"Proportion of population with basic handwashing facilities on premises, by urban/rural (%)",360,Indonesia,2020,82.03138,2020,"WHO/UNICEF Joint Monitoring Programme for Water Supply, Sanitation and Hygiene (2023)",,
677b7091cb99d2593c73ff7c,6,6.2,6.2.1,SH_SAN_HNDWSH,"Proportion of population with basic handwashing facilities on premises, by urban/rural (%)",360,Indonesia,2021,75.02429,2021,"WHO/UNICEF Joint Monitoring Programme for Water Supply, Sanitation and Hygiene (2023)",,
677b7091cb99d2593c73ff7d,6,6.2,6.2.1,SH_SAN_HNDWSH,"Proportion of population with basic handwashing facilities on premises, by urban/rural (%)",360,Indonesia,2021,81.63585,2021,"WHO/UNICEF Joint Monitoring Programme for Water Supply, Sanitation and Hygiene (2023)",,
677b7091cb99d2593c73ff7e,6,6.2,6.2.1,SH_SAN_HNDWSH,"Proportion of population with basic handwashing facilities on premises, by urban/rural (%)",360,Indonesia,2021,78.81206,2021,"WHO/UNICEF Joint Monitoring Programme for Water Supply, Sanitation and Hygiene (2023)",,
677b7091cb99d2593c73ff7f,6,6.2,6.2.1,SH_SAN_HNDWSH,"Proportion of population with basic handwashing facilities on premises, by urban/rural (%)",360,Indonesia,2022,78.98522,2022,"WHO/UNICEF Joint Monitoring Programme for Water Supply, Sanitation and Hygiene (2023)",,
677b7091cb99d2593c73ff80,6,6.2,6.2.1,SH_SAN_HNDWSH,"Proportion of population with basic handwashing facilities on premises, by urban/rural (%)",360,Indonesia,2022,75.87945,2022,"WHO/UNICEF Joint Monitoring Programme for Water Supply, Sanitation and Hygiene (2023)",,
677b7091cb99d2593c73ff81,6,6.2,6.2.1,SH_SAN_HNDWSH,"Proportion of population with basic handwashing facilities on premises, by urban/rural (%)",360,Indonesia,2022,81.24033,2022,"WHO/UNICEF Joint Monitoring Programme for Water Supply, Sanitation and Hygiene (2023)",,
677b709ccb99d2593c73ff83,6,6.3,6.3.2,EN_H2O_RVAMBQ,Proportion of river water bodies with good ambient water quality (%),360,Indonesia,2023,5,2021-2022,Directorate General of Environmental Pollution and Damage Control,,
677b70bfcb99d2593c73ff84,6,6.3,6.3.2,EN_H2O_WBAMBQ,Proportion of bodies of water with good ambient water quality (%),360,Indonesia,2023,5,2021-2022,Directorate General of Environmental Pollution and Damage Control,,
677b7131cb99d2593c73ff86,6,6.4,6.4.1,ER_H2O_WUEYST,Water Use Efficiency (United States dollars per cubic meter),360,Indonesia,2000,21.89,1998-2002,Food and Agriculture Organisation of United Nations (FAO),,
677b7131cb99d2593c73ff87,6,6.4,6.4.1,ER_H2O_WUEYST,Water Use Efficiency (United States dollars per cubic meter),360,Indonesia,2000,12.94,1998-2002,Food and Agriculture Organisation of United Nations (FAO),,
677b7131cb99d2593c73ff89,6,6.4,6.4.1,ER_H2O_WUEYST,Water Use Efficiency (United States dollars per cubic meter),360,Indonesia,2001,13.19,1998-2002,Food and Agriculture Organisation of United Nations (FAO),,
677b7131cb99d2593c73ff8a,6,6.4,6.4.1,ER_H2O_WUEYST,Water Use Efficiency (United States dollars per cubic meter),360,Indonesia,2001,15.61,1998-2002,Food and Agriculture Organisation of United Nations (FAO),,
677b7131cb99d2593c73ff8f,6,6.4,6.4.1,ER_H2O_WUEYST,Water Use Efficiency (United States dollars per cubic meter),360,Indonesia,2002,11.76,1998-2002,Food and Agriculture Organisation of United Nations (FAO),,
677b7131cb99d2593c73ff90,6,6.4,6.4.1,ER_H2O_WUEYST,Water Use Efficiency (United States dollars per cubic meter),360,Indonesia,2002,14.43,1998-2002,Food and Agriculture Organisation of United Nations (FAO),,
677b7131cb99d2593c73ff91,6,6.4,6.4.1,ER_H2O_WUEYST,Water Use Efficiency (United States dollars per cubic meter),360,Indonesia,2003,15.26,2003-2007,Food and Agriculture Organisation of United Nations (FAO),,
677b7131cb99d2593c73ff92,6,6.4,6.4.1,ER_H2O_WUEYST,Water Use Efficiency (United States dollars per cubic meter),360,Indonesia,2003,9.74,2003-2007,Food and Agriculture Organisation of United Nations (FAO),,
677b7131cb99d2593c73ff97,6,6.4,6.4.1,ER_H2O_WUEYST,Water Use Efficiency (United States dollars per cubic meter),360,Indonesia,2004,8.73,2003-2007,Food and Agriculture Organisation of United Nations (FAO),,
677b7131cb99d2593c73ff98,6,6.4,6.4.1,ER_H2O_WUEYST,Water Use Efficiency (United States dollars per cubic meter),360,Indonesia,2004,15.82,2003-2007,Food and Agriculture Organisation of United Nations (FAO),,
677b7131cb99d2593c73ff99,6,6.4,6.4.1,ER_H2O_WUEYST,Water Use Efficiency (United States dollars per cubic meter),360,Indonesia,2005,16.25,2003-2007,Food and Agriculture Organisation of United Nations (FAO),,
677b7131cb99d2593c73ff9a,6,6.4,6.4.1,ER_H2O_WUEYST,Water Use Efficiency (United States dollars per cubic meter),360,Indonesia,2005,8.31,2003-2007,Food and Agriculture Organisation of United Nations (FAO),,
677b7131cb99d2593c73ff9b,6,6.4,6.4.1,ER_H2O_WUEYST,Water Use Efficiency (United States dollars per cubic meter),360,Indonesia,2005,2.79,2003-2007,Food and Agriculture Organisation of United Nations (FAO),,
677b7131cb99d2593c73ff9c,6,6.4,6.4.1,ER_H2O_WUEYST,Water Use Efficiency (United States dollars per cubic meter),360,Indonesia,2005,0.21,2003-2007,Food and Agriculture Organisation of United Nations (FAO),,
677b7131cb99d2593c73ff9d,6,6.4,6.4.1,ER_H2O_WUEYST,Water Use Efficiency (United States dollars per cubic meter),360,Indonesia,2006,0.21,2003-2007,Food and Agriculture Organisation of United Nations (FAO),,
677b7131cb99d2593c73ff9e,6,6.4,6.4.1,ER_H2O_WUEYST,Water Use Efficiency (United States dollars per cubic meter),360,Indonesia,2006,2.84,2003-2007,Food and Agriculture Organisation of United Nations (FAO),,
677b7131cb99d2593c73ff9f,6,6.4,6.4.1,ER_H2O_WUEYST,Water Use Efficiency (United States dollars per cubic meter),360,Indonesia,2006,9.39,2003-2007,Food and Agriculture Organisation of United Nations (FAO),,
677b7131cb99d2593c73ffa0,6,6.4,6.4.1,ER_H2O_WUEYST,Water Use Efficiency (United States dollars per cubic meter),360,Indonesia,2006,15.95,2003-2007,Food and Agriculture Organisation of United Nations (FAO),,
677b7131cb99d2593c73ffa1,6,6.4,6.4.1,ER_H2O_WUEYST,Water Use Efficiency (United States dollars per cubic meter),360,Indonesia,2007,15.73,2003-2007,Food and Agriculture Organisation of United Nations (FAO),,
677b7131cb99d2593c73ffa2,6,6.4,6.4.1,ER_H2O_WUEYST,Water Use Efficiency (United States dollars per cubic meter),360,Indonesia,2007,10.61,2003-2007,Food and Agriculture Organisation of United Nations (FAO),,
677b7131cb99d2593c73ffa3,6,6.4,6.4.1,ER_H2O_WUEYST,Water Use Efficiency (United States dollars per cubic meter),360,Indonesia,2007,2.9,2003-2007,Food and Agriculture Organisation of United Nations (FAO),,
677b7131cb99d2593c73ffa4,6,6.4,6.4.1,ER_H2O_WUEYST,Water Use Efficiency (United States dollars per cubic meter),360,Indonesia,2007,0.22,2003-2007,Food and Agriculture Organisation of United Nations (FAO),,
677b7131cb99d2593c73ffa5,6,6.4,6.4.1,ER_H2O_WUEYST,Water Use Efficiency (United States dollars per cubic meter),360,Indonesia,2008,0.24,2008-2012,Food and Agriculture Organisation of United Nations (FAO),,
677b7131cb99d2593c73ffa6,6,6.4,6.4.1,ER_H2O_WUEYST,Water Use Efficiency (United States dollars per cubic meter),360,Indonesia,2008,2.94,2008-2012,Food and Agriculture Organisation of United Nations (FAO),,
677b7131cb99d2593c73ffa7,6,6.4,6.4.1,ER_H2O_WUEYST,Water Use Efficiency (United States dollars per cubic meter),360,Indonesia,2008,12.36,2008-2012,Food and Agriculture Organisation of United Nations (FAO),,
677b7131cb99d2593c73ffa8,6,6.4,6.4.1,ER_H2O_WUEYST,Water Use Efficiency (United States dollars per cubic meter),360,Indonesia,2008,14.92,2008-2012,Food and Agriculture Organisation of United Nations (FAO),,
677b7131cb99d2593c73ffa9,6,6.4,6.4.1,ER_H2O_WUEYST,Water Use Efficiency (United States dollars per cubic meter),360,Indonesia,2009,2.95,2008-2012,Food and Agriculture Organisation of United Nations (FAO),,
677b7131cb99d2593c73ffaa,6,6.4,6.4.1,ER_H2O_WUEYST,Water Use Efficiency (United States dollars per cubic meter),360,Indonesia,2009,14.55,2008-2012,Food and Agriculture Organisation of United Nations (FAO),,
677b7131cb99d2593c73ffab,6,6.4,6.4.1,ER_H2O_WUEYST,Water Use Efficiency (United States dollars per cubic meter),360,Indonesia,2009,0.25,2008-2012,Food and Agriculture Organisation of United Nations (FAO),,
677b7131cb99d2593c73ffac,6,6.4,6.4.1,ER_H2O_WUEYST,Water Use Efficiency (United States dollars per cubic meter),360,Indonesia,2009,13.77,2008-2012,Food and Agriculture Organisation of United Nations (FAO),,
677b7131cb99d2593c73ffad,6,6.4,6.4.1,ER_H2O_WUEYST,Water Use Efficiency (United States dollars per cubic meter),360,Indonesia,2010,0.25,2008-2012,Food and Agriculture Organisation of United Nations (FAO),,
677b7131cb99d2593c73ffae,6,6.4,6.4.1,ER_H2O_WUEYST,Water Use Efficiency (United States dollars per cubic meter),360,Indonesia,2010,14.91,2008-2012,Food and Agriculture Organisation of United Nations (FAO),,
677b7131cb99d2593c73ffaf,6,6.4,6.4.1,ER_H2O_WUEYST,Water Use Efficiency (United States dollars per cubic meter),360,Indonesia,2010,3.03,2008-2012,Food and Agriculture Organisation of United Nations (FAO),,
677b7131cb99d2593c73ffb0,6,6.4,6.4.1,ER_H2O_WUEYST,Water Use Efficiency (United States dollars per cubic meter),360,Indonesia,2010,15.56,2008-2012,Food and Agriculture Organisation of United Nations (FAO),,
677b7131cb99d2593c73ffb1,6,6.4,6.4.1,ER_H2O_WUEYST,Water Use Efficiency (United States dollars per cubic meter),360,Indonesia,2011,18.41,2008-2012,Food and Agriculture Organisation of United Nations (FAO),,
677b7131cb99d2593c73ffb2,6,6.4,6.4.1,ER_H2O_WUEYST,Water Use Efficiency (United States dollars per cubic meter),360,Indonesia,2011,3.15,2008-2012,Food and Agriculture Organisation of United Nations (FAO),,
677b7131cb99d2593c73ffb3,6,6.4,6.4.1,ER_H2O_WUEYST,Water Use Efficiency (United States dollars per cubic meter),360,Indonesia,2011,15.11,2008-2012,Food and Agriculture Organisation of United Nations (FAO),,
677b7131cb99d2593c73ffb4,6,6.4,6.4.1,ER_H2O_WUEYST,Water Use Efficiency (United States dollars per cubic meter),360,Indonesia,2011,0.25,2008-2012,Food and Agriculture Organisation of United Nations (FAO),,
677b7131cb99d2593c73ffb5,6,6.4,6.4.1,ER_H2O_WUEYST,Water Use Efficiency (United States dollars per cubic meter),360,Indonesia,2012,0.25,2008-2012,Food and Agriculture Organisation of United Nations (FAO),,
677b7131cb99d2593c73ffb6,6,6.4,6.4.1,ER_H2O_WUEYST,Water Use Efficiency (United States dollars per cubic meter),360,Indonesia,2012,15.39,2008-2012,Food and Agriculture Organisation of United Nations (FAO),,
677b7131cb99d2593c73ffb7,6,6.4,6.4.1,ER_H2O_WUEYST,Water Use Efficiency (United States dollars per cubic meter),360,Indonesia,2012,3.24,2008-2012,Food and Agriculture Organisation of United Nations (FAO),,
677b7131cb99d2593c73ffb8,6,6.4,6.4.1,ER_H2O_WUEYST,Water Use Efficiency (United States dollars per cubic meter),360,Indonesia,2012,21.25,2008-2012,Food and Agriculture Organisation of United Nations (FAO),,
677b7131cb99d2593c73ffb9,6,6.4,6.4.1,ER_H2O_WUEYST,Water Use Efficiency (United States dollars per cubic meter),360,Indonesia,2013,0.26,2013-2017,Food and Agriculture Organisation of United Nations (FAO),,
677b7131cb99d2593c73ffba,6,6.4,6.4.1,ER_H2O_WUEYST,Water Use Efficiency (United States dollars per cubic meter),360,Indonesia,2013,3.31,2013-2017,Food and Agriculture Organisation of United Nations (FAO),,
677b7131cb99d2593c73ffbb,6,6.4,6.4.1,ER_H2O_WUEYST,Water Use Efficiency (United States dollars per cubic meter),360,Indonesia,2013,24.29,2013-2017,Food and Agriculture Organisation of United Nations (FAO),,
677b7131cb99d2593c73ffbc,6,6.4,6.4.1,ER_H2O_WUEYST,Water Use Efficiency (United States dollars per cubic meter),360,Indonesia,2013,15.77,2013-2017,Food and Agriculture Organisation of United Nations (FAO),,
677b7131cb99d2593c73ffbd,6,6.4,6.4.1,ER_H2O_WUEYST,Water Use Efficiency (United States dollars per cubic meter),360,Indonesia,2014,3.38,2013-2017,Food and Agriculture Organisation of United Nations (FAO),,
677b7131cb99d2593c73ffbe,6,6.4,6.4.1,ER_H2O_WUEYST,Water Use Efficiency (United States dollars per cubic meter),360,Indonesia,2014,0.26,2013-2017,Food and Agriculture Organisation of United Nations (FAO),,
677b7131cb99d2593c73ffbf,6,6.4,6.4.1,ER_H2O_WUEYST,Water Use Efficiency (United States dollars per cubic meter),360,Indonesia,2014,16.18,2013-2017,Food and Agriculture Organisation of United Nations (FAO),,
677b7131cb99d2593c73ffc0,6,6.4,6.4.1,ER_H2O_WUEYST,Water Use Efficiency (United States dollars per cubic meter),360,Indonesia,2014,27.99,2013-2017,Food and Agriculture Organisation of United Nations (FAO),,
677b7131cb99d2593c73ffc1,6,6.4,6.4.1,ER_H2O_WUEYST,Water Use Efficiency (United States dollars per cubic meter),360,Indonesia,2015,31.71,2013-2017,Food and Agriculture Organisation of United Nations (FAO),,
677b7131cb99d2593c73ffc2,6,6.4,6.4.1,ER_H2O_WUEYST,Water Use Efficiency (United States dollars per cubic meter),360,Indonesia,2015,16.73,2013-2017,Food and Agriculture Organisation of United Nations (FAO),,
677b7131cb99d2593c73ffc3,6,6.4,6.4.1,ER_H2O_WUEYST,Water Use Efficiency (United States dollars per cubic meter),360,Indonesia,2015,0.27,2013-2017,Food and Agriculture Organisation of United Nations (FAO),,
677b7131cb99d2593c73ffc4,6,6.4,6.4.1,ER_H2O_WUEYST,Water Use Efficiency (United States dollars per cubic meter),360,Indonesia,2015,3.48,2013-2017,Food and Agriculture Organisation of United Nations (FAO),,
677b7131cb99d2593c73ffc5,6,6.4,6.4.1,ER_H2O_WUEYST,Water Use Efficiency (United States dollars per cubic meter),360,Indonesia,2016,3.61,2013-2017,Food and Agriculture Organisation of United Nations (FAO),,
677b7131cb99d2593c73ffc6,6,6.4,6.4.1,ER_H2O_WUEYST,Water Use Efficiency (United States dollars per cubic meter),360,Indonesia,2016,0.28,2013-2017,Food and Agriculture Organisation of United Nations (FAO),,
677b7131cb99d2593c73ffc7,6,6.4,6.4.1,ER_H2O_WUEYST,Water Use Efficiency (United States dollars per cubic meter),360,Indonesia,2016,17.04,2013-2017,Food and Agriculture Organisation of United Nations (FAO),,
677b7131cb99d2593c73ffc8,6,6.4,6.4.1,ER_H2O_WUEYST,Water Use Efficiency (United States dollars per cubic meter),360,Indonesia,2016,37.7,2013-2017,Food and Agriculture Organisation of United Nations (FAO),,
677b7131cb99d2593c73ffc9,6,6.4,6.4.1,ER_H2O_WUEYST,Water Use Efficiency (United States dollars per cubic meter),360,Indonesia,2017,3.79,2013-2017,Food and Agriculture Organisation of United Nations (FAO),,
677b7131cb99d2593c73ffca,6,6.4,6.4.1,ER_H2O_WUEYST,Water Use Efficiency (United States dollars per cubic meter),360,Indonesia,2017,39.64,2013-2017,Food and Agriculture Organisation of United Nations (FAO),,
677b7131cb99d2593c73ffcb,6,6.4,6.4.1,ER_H2O_WUEYST,Water Use Efficiency (United States dollars per cubic meter),360,Indonesia,2017,17.91,2013-2017,Food and Agriculture Organisation of United Nations (FAO),,
677b7131cb99d2593c73ffcc,6,6.4,6.4.1,ER_H2O_WUEYST,Water Use Efficiency (United States dollars per cubic meter),360,Indonesia,2017,0.29,2013-2017,Food and Agriculture Organisation of United Nations (FAO),,
677b7131cb99d2593c73ffcd,6,6.4,6.4.1,ER_H2O_WUEYST,Water Use Efficiency (United States dollars per cubic meter),360,Indonesia,2018,3.98,2018-2022,Food and Agriculture Organisation of United Nations (FAO),,
677b7131cb99d2593c73ffce,6,6.4,6.4.1,ER_H2O_WUEYST,Water Use Efficiency (United States dollars per cubic meter),360,Indonesia,2018,0.3,2018-2022,Food and Agriculture Organisation of United Nations (FAO),,
677b7131cb99d2593c73ffcf,6,6.4,6.4.1,ER_H2O_WUEYST,Water Use Efficiency (United States dollars per cubic meter),360,Indonesia,2018,18.75,2018-2022,Food and Agriculture Organisation of United Nations (FAO),,
677b7131cb99d2593c73ffd0,6,6.4,6.4.1,ER_H2O_WUEYST,Water Use Efficiency (United States dollars per cubic meter),360,Indonesia,2018,42.08,2018-2022,Food and Agriculture Organisation of United Nations (FAO),,
677b7131cb99d2593c73ffd1,6,6.4,6.4.1,ER_H2O_WUEYST,Water Use Efficiency (United States dollars per cubic meter),360,Indonesia,2019,43.32,2018-2022,Food and Agriculture Organisation of United Nations (FAO),,
677b7131cb99d2593c73ffd2,6,6.4,6.4.1,ER_H2O_WUEYST,Water Use Efficiency (United States dollars per cubic meter),360,Indonesia,2019,20.04,2018-2022,Food and Agriculture Organisation of United Nations (FAO),,
677b7131cb99d2593c73ffd3,6,6.4,6.4.1,ER_H2O_WUEYST,Water Use Efficiency (United States dollars per cubic meter),360,Indonesia,2019,0.31,2018-2022,Food and Agriculture Organisation of United Nations (FAO),,
677b7131cb99d2593c73ffd4,6,6.4,6.4.1,ER_H2O_WUEYST,Water Use Efficiency (United States dollars per cubic meter),360,Indonesia,2019,4.18,2018-2022,Food and Agriculture Organisation of United Nations (FAO),,
677b7131cb99d2593c73ffd5,6,6.4,6.4.1,ER_H2O_WUEYST,Water Use Efficiency (United States dollars per cubic meter),360,Indonesia,2020,4.09,2018-2022,Food and Agriculture Organisation of United Nations (FAO),,
677b7131cb99d2593c73ffd6,6,6.4,6.4.1,ER_H2O_WUEYST,Water Use Efficiency (United States dollars per cubic meter),360,Indonesia,2020,0.33,2018-2022,Food and Agriculture Organisation of United Nations (FAO),,
677b7131cb99d2593c73ffd7,6,6.4,6.4.1,ER_H2O_WUEYST,Water Use Efficiency (United States dollars per cubic meter),360,Indonesia,2020,19.7,2018-2022,Food and Agriculture Organisation of United Nations (FAO),,
677b7131cb99d2593c73ffd8,6,6.4,6.4.1,ER_H2O_WUEYST,Water Use Efficiency (United States dollars per cubic meter),360,Indonesia,2020,41.64,2018-2022,Food and Agriculture Organisation of United Nations (FAO),,
677b7131cb99d2593c73ffd9,6,6.4,6.4.1,ER_H2O_WUEYST,Water Use Efficiency (United States dollars per cubic meter),360,Indonesia,2021,45.11,2018-2022,Food and Agriculture Organisation of United Nations (FAO),,
677b7131cb99d2593c73ffda,6,6.4,6.4.1,ER_H2O_WUEYST,Water Use Efficiency (United States dollars per cubic meter),360,Indonesia,2021,19.7,2018-2022,Food and Agriculture Organisation of United Nations (FAO),,
677b7131cb99d2593c73ffdb,6,6.4,6.4.1,ER_H2O_WUEYST,Water Use Efficiency (United States dollars per cubic meter),360,Indonesia,2021,0.33,2018-2022,Food and Agriculture Organisation of United Nations (FAO),,
677b7131cb99d2593c73ffdc,6,6.4,6.4.1,ER_H2O_WUEYST,Water Use Efficiency (United States dollars per cubic meter),360,Indonesia,2021,4.24,2018-2022,Food and Agriculture Organisation of United Nations (FAO),,
677b7144cb99d2593c73ffde,6,6.4,6.4.2,ER_H2O_STRESS,Level of water stress: freshwater withdrawal as a proportion of available freshwater resources (%),360,Indonesia,2000,15.11,1998-2002,Food and Agriculture Organisation of United Nations (FAO),,
677b7144cb99d2593c73ffdf,6,6.4,6.4.2,ER_H2O_STRESS,Level of water stress: freshwater withdrawal as a proportion of available freshwater resources (%),360,Indonesia,2000,1.75,1998-2002,Food and Agriculture Organisation of United Nations (FAO),,
677b7144cb99d2593c73ffe0,6,6.4,6.4.2,ER_H2O_STRESS,Level of water stress: freshwater withdrawal as a proportion of available freshwater resources (%),360,Indonesia,2000,0.99,1998-2002,Food and Agriculture Organisation of United Nations (FAO),,
677b7144cb99d2593c73ffe1,6,6.4,6.4.2,ER_H2O_STRESS,Level of water stress: freshwater withdrawal as a proportion of available freshwater resources (%),360,Indonesia,2000,12.37,1998-2002,Food and Agriculture Organisation of United Nations (FAO),,
677b7144cb99d2593c73ffe2,6,6.4,6.4.2,ER_H2O_STRESS,Level of water stress: freshwater withdrawal as a proportion of available freshwater resources (%),360,Indonesia,2001,12.89,1998-2002,Food and Agriculture Organisation of United Nations (FAO),,
677b7144cb99d2593c73ffe3,6,6.4,6.4.2,ER_H2O_STRESS,Level of water stress: freshwater withdrawal as a proportion of available freshwater resources (%),360,Indonesia,2001,1.41,1998-2002,Food and Agriculture Organisation of United Nations (FAO),,
677b7144cb99d2593c73ffe4,6,6.4,6.4.2,ER_H2O_STRESS,Level of water stress: freshwater withdrawal as a proportion of available freshwater resources (%),360,Indonesia,2001,1.73,1998-2002,Food and Agriculture Organisation of United Nations (FAO),,
677b7144cb99d2593c73ffe5,6,6.4,6.4.2,ER_H2O_STRESS,Level of water stress: freshwater withdrawal as a proportion of available freshwater resources (%),360,Indonesia,2001,16.02,1998-2002,Food and Agriculture Organisation of United Nations (FAO),,
677b7144cb99d2593c73ffe6,6,6.4,6.4.2,ER_H2O_STRESS,Level of water stress: freshwater withdrawal as a proportion of available freshwater resources (%),360,Indonesia,2002,16.93,1998-2002,Food and Agriculture Organisation of United Nations (FAO),,
677b7144cb99d2593c73ffe7,6,6.4,6.4.2,ER_H2O_STRESS,Level of water stress: freshwater withdrawal as a proportion of available freshwater resources (%),360,Indonesia,2002,1.71,1998-2002,Food and Agriculture Organisation of United Nations (FAO),,
677b7144cb99d2593c73ffe8,6,6.4,6.4.2,ER_H2O_STRESS,Level of water stress: freshwater withdrawal as a proportion of available freshwater resources (%),360,Indonesia,2002,1.81,1998-2002,Food and Agriculture Organisation of United Nations (FAO),,
677b7144cb99d2593c73ffe9,6,6.4,6.4.2,ER_H2O_STRESS,Level of water stress: freshwater withdrawal as a proportion of available freshwater resources (%),360,Indonesia,2002,13.41,1998-2002,Food and Agriculture Organisation of United Nations (FAO),,
677b7144cb99d2593c73ffea,6,6.4,6.4.2,ER_H2O_STRESS,Level of water stress: freshwater withdrawal as a proportion of available freshwater resources (%),360,Indonesia,2003,2.2,2003-2007,Food and Agriculture Organisation of United Nations (FAO),,
677b7144cb99d2593c73ffeb,6,6.4,6.4.2,ER_H2O_STRESS,Level of water stress: freshwater withdrawal as a proportion of available freshwater resources (%),360,Indonesia,2003,13.95,2003-2007,Food and Agriculture Organisation of United Nations (FAO),,
677b7144cb99d2593c73ffec,6,6.4,6.4.2,ER_H2O_STRESS,Level of water stress: freshwater withdrawal as a proportion of available freshwater resources (%),360,Indonesia,2003,1.69,2003-2007,Food and Agriculture Organisation of United Nations (FAO),,
677b7144cb99d2593c73ffed,6,6.4,6.4.2,ER_H2O_STRESS,Level of water stress: freshwater withdrawal as a proportion of available freshwater resources (%),360,Indonesia,2003,17.84,2003-2007,Food and Agriculture Organisation of United Nations (FAO),,
677b7144cb99d2593c73ffee,6,6.4,6.4.2,ER_H2O_STRESS,Level of water stress: freshwater withdrawal as a proportion of available freshwater resources (%),360,Indonesia,2004,18.76,2003-2007,Food and Agriculture Organisation of United Nations (FAO),,
677b7144cb99d2593c73ffef,6,6.4,6.4.2,ER_H2O_STRESS,Level of water stress: freshwater withdrawal as a proportion of available freshwater resources (%),360,Indonesia,2004,1.68,2003-2007,Food and Agriculture Organisation of United Nations (FAO),,
677b7144cb99d2593c73fff0,6,6.4,6.4.2,ER_H2O_STRESS,Level of water stress: freshwater withdrawal as a proportion of available freshwater resources (%),360,Indonesia,2004,14.49,2003-2007,Food and Agriculture Organisation of United Nations (FAO),,
677b7144cb99d2593c73fff1,6,6.4,6.4.2,ER_H2O_STRESS,Level of water stress: freshwater withdrawal as a proportion of available freshwater resources (%),360,Indonesia,2004,2.58,2003-2007,Food and Agriculture Organisation of United Nations (FAO),,
677b7144cb99d2593c73fff2,6,6.4,6.4.2,ER_H2O_STRESS,Level of water stress: freshwater withdrawal as a proportion of available freshwater resources (%),360,Indonesia,2005,15.04,2003-2007,Food and Agriculture Organisation of United Nations (FAO),,
677b7144cb99d2593c73fff3,6,6.4,6.4.2,ER_H2O_STRESS,Level of water stress: freshwater withdrawal as a proportion of available freshwater resources (%),360,Indonesia,2005,2.95,2003-2007,Food and Agriculture Organisation of United Nations (FAO),,
677b7144cb99d2593c73fff4,6,6.4,6.4.2,ER_H2O_STRESS,Level of water stress: freshwater withdrawal as a proportion of available freshwater resources (%),360,Indonesia,2005,1.68,2003-2007,Food and Agriculture Organisation of United Nations (FAO),,
677b7144cb99d2593c73fff5,6,6.4,6.4.2,ER_H2O_STRESS,Level of water stress: freshwater withdrawal as a proportion of available freshwater resources (%),360,Indonesia,2005,19.67,2003-2007,Food and Agriculture Organisation of United Nations (FAO),,
677b7144cb99d2593c73fff6,6,6.4,6.4.2,ER_H2O_STRESS,Level of water stress: freshwater withdrawal as a proportion of available freshwater resources (%),360,Indonesia,2006,2.81,2003-2007,Food and Agriculture Organisation of United Nations (FAO),,
677b7144cb99d2593c73fff7,6,6.4,6.4.2,ER_H2O_STRESS,Level of water stress: freshwater withdrawal as a proportion of available freshwater resources (%),360,Indonesia,2006,15.97,2003-2007,Food and Agriculture Organisation of United Nations (FAO),,
677b7144cb99d2593c73fff8,6,6.4,6.4.2,ER_H2O_STRESS,Level of water stress: freshwater withdrawal as a proportion of available freshwater resources (%),360,Indonesia,2006,20.58,2003-2007,Food and Agriculture Organisation of United Nations (FAO),,
677b7144cb99d2593c73fff9,6,6.4,6.4.2,ER_H2O_STRESS,Level of water stress: freshwater withdrawal as a proportion of available freshwater resources (%),360,Indonesia,2006,1.8,2003-2007,Food and Agriculture Organisation of United Nations (FAO),,
677b7144cb99d2593c73fffa,6,6.4,6.4.2,ER_H2O_STRESS,Level of water stress: freshwater withdrawal as a proportion of available freshwater resources (%),360,Indonesia,2007,16.91,2003-2007,Food and Agriculture Organisation of United Nations (FAO),,
677b7144cb99d2593c73fffb,6,6.4,6.4.2,ER_H2O_STRESS,Level of water stress: freshwater withdrawal as a proportion of available freshwater resources (%),360,Indonesia,2007,2.66,2003-2007,Food and Agriculture Organisation of United Nations (FAO),,
677b7144cb99d2593c73fffc,6,6.4,6.4.2,ER_H2O_STRESS,Level of water stress: freshwater withdrawal as a proportion of available freshwater resources (%),360,Indonesia,2007,1.92,2003-2007,Food and Agriculture Organisation of United Nations (FAO),,
677b7144cb99d2593c73fffd,6,6.4,6.4.2,ER_H2O_STRESS,Level of water stress: freshwater withdrawal as a proportion of available freshwater resources (%),360,Indonesia,2007,21.49,2003-2007,Food and Agriculture Organisation of United Nations (FAO),,
677b7144cb99d2593c73fffe,6,6.4,6.4.2,ER_H2O_STRESS,Level of water stress: freshwater withdrawal as a proportion of available freshwater resources (%),360,Indonesia,2008,22.4,2008-2012,Food and Agriculture Organisation of United Nations (FAO),,
677b7144cb99d2593c73ffff,6,6.4,6.4.2,ER_H2O_STRESS,Level of water stress: freshwater withdrawal as a proportion of available freshwater resources (%),360,Indonesia,2008,2.05,2008-2012,Food and Agriculture Organisation of United Nations (FAO),,
677b7144cb99d2593c740000,6,6.4,6.4.2,ER_H2O_STRESS,Level of water stress: freshwater withdrawal as a proportion of available freshwater resources (%),360,Indonesia,2008,2.51,2008-2012,Food and Agriculture Organisation of United Nations (FAO),,
677b7144cb99d2593c740001,6,6.4,6.4.2,ER_H2O_STRESS,Level of water stress: freshwater withdrawal as a proportion of available freshwater resources (%),360,Indonesia,2008,17.84,2008-2012,Food and Agriculture Organisation of United Nations (FAO),,
677b7144cb99d2593c740002,6,6.4,6.4.2,ER_H2O_STRESS,Level of water stress: freshwater withdrawal as a proportion of available freshwater resources (%),360,Indonesia,2009,2.35,2008-2012,Food and Agriculture Organisation of United Nations (FAO),,
677b7144cb99d2593c740003,6,6.4,6.4.2,ER_H2O_STRESS,Level of water stress: freshwater withdrawal as a proportion of available freshwater resources (%),360,Indonesia,2009,18.79,2008-2012,Food and Agriculture Organisation of United Nations (FAO),,
677b7144cb99d2593c740004,6,6.4,6.4.2,ER_H2O_STRESS,Level of water stress: freshwater withdrawal as a proportion of available freshwater resources (%),360,Indonesia,2009,2.17,2008-2012,Food and Agriculture Organisation of United Nations (FAO),,
677b7144cb99d2593c740005,6,6.4,6.4.2,ER_H2O_STRESS,Level of water stress: freshwater withdrawal as a proportion of available freshwater resources (%),360,Indonesia,2009,23.31,2008-2012,Food and Agriculture Organisation of United Nations (FAO),,
677b7144cb99d2593c740006,6,6.4,6.4.2,ER_H2O_STRESS,Level of water stress: freshwater withdrawal as a proportion of available freshwater resources (%),360,Indonesia,2010,24.23,2008-2012,Food and Agriculture Organisation of United Nations (FAO),,
677b7144cb99d2593c740007,6,6.4,6.4.2,ER_H2O_STRESS,Level of water stress: freshwater withdrawal as a proportion of available freshwater resources (%),360,Indonesia,2010,2.3,2008-2012,Food and Agriculture Organisation of United Nations (FAO),,
677b7144cb99d2593c740008,6,6.4,6.4.2,ER_H2O_STRESS,Level of water stress: freshwater withdrawal as a proportion of available freshwater resources (%),360,Indonesia,2010,2.19,2008-2012,Food and Agriculture Organisation of United Nations (FAO),,
677b7144cb99d2593c740009,6,6.4,6.4.2,ER_H2O_STRESS,Level of water stress: freshwater withdrawal as a proportion of available freshwater resources (%),360,Indonesia,2010,19.73,2008-2012,Food and Agriculture Organisation of United Nations (FAO),,
677b7144cb99d2593c74000a,6,6.4,6.4.2,ER_H2O_STRESS,Level of water stress: freshwater withdrawal as a proportion of available freshwater resources (%),360,Indonesia,2011,20.68,2008-2012,Food and Agriculture Organisation of United Nations (FAO),,
677b7144cb99d2593c74000b,6,6.4,6.4.2,ER_H2O_STRESS,Level of water stress: freshwater withdrawal as a proportion of available freshwater resources (%),360,Indonesia,2011,2.03,2008-2012,Food and Agriculture Organisation of United Nations (FAO),,
677b7144cb99d2593c74000c,6,6.4,6.4.2,ER_H2O_STRESS,Level of water stress: freshwater withdrawal as a proportion of available freshwater resources (%),360,Indonesia,2011,2.43,2008-2012,Food and Agriculture Organisation of United Nations (FAO),,
677b7144cb99d2593c74000d,6,6.4,6.4.2,ER_H2O_STRESS,Level of water stress: freshwater withdrawal as a proportion of available freshwater resources (%),360,Indonesia,2011,25.14,2008-2012,Food and Agriculture Organisation of United Nations (FAO),,
677b7144cb99d2593c74000e,6,6.4,6.4.2,ER_H2O_STRESS,Level of water stress: freshwater withdrawal as a proportion of available freshwater resources (%),360,Indonesia,2012,26.05,2008-2012,Food and Agriculture Organisation of United Nations (FAO),,
677b7144cb99d2593c74000f,6,6.4,6.4.2,ER_H2O_STRESS,Level of water stress: freshwater withdrawal as a proportion of available freshwater resources (%),360,Indonesia,2012,2.55,2008-2012,Food and Agriculture Organisation of United Nations (FAO),,
677b7144cb99d2593c740010,6,6.4,6.4.2,ER_H2O_STRESS,Level of water stress: freshwater withdrawal as a proportion of available freshwater resources (%),360,Indonesia,2012,21.63,2008-2012,Food and Agriculture Organisation of United Nations (FAO),,
677b7144cb99d2593c740011,6,6.4,6.4.2,ER_H2O_STRESS,Level of water stress: freshwater withdrawal as a proportion of available freshwater resources (%),360,Indonesia,2012,1.86,2008-2012,Food and Agriculture Organisation of United Nations (FAO),,
677b7144cb99d2593c740012,6,6.4,6.4.2,ER_H2O_STRESS,Level of water stress: freshwater withdrawal as a proportion of available freshwater resources (%),360,Indonesia,2013,2.68,2013-2017,Food and Agriculture Organisation of United Nations (FAO),,
677b7144cb99d2593c740013,6,6.4,6.4.2,ER_H2O_STRESS,Level of water stress: freshwater withdrawal as a proportion of available freshwater resources (%),360,Indonesia,2013,26.96,2013-2017,Food and Agriculture Organisation of United Nations (FAO),,
677b7144cb99d2593c740014,6,6.4,6.4.2,ER_H2O_STRESS,Level of water stress: freshwater withdrawal as a proportion of available freshwater resources (%),360,Indonesia,2013,1.7,2013-2017,Food and Agriculture Organisation of United Nations (FAO),,
677b7144cb99d2593c740015,6,6.4,6.4.2,ER_H2O_STRESS,Level of water stress: freshwater withdrawal as a proportion of available freshwater resources (%),360,Indonesia,2013,22.58,2013-2017,Food and Agriculture Organisation of United Nations (FAO),,
677b7144cb99d2593c740016,6,6.4,6.4.2,ER_H2O_STRESS,Level of water stress: freshwater withdrawal as a proportion of available freshwater resources (%),360,Indonesia,2014,27.87,2013-2017,Food and Agriculture Organisation of United Nations (FAO),,
677b7144cb99d2593c740017,6,6.4,6.4.2,ER_H2O_STRESS,Level of water stress: freshwater withdrawal as a proportion of available freshwater resources (%),360,Indonesia,2014,2.81,2013-2017,Food and Agriculture Organisation of United Nations (FAO),,
677b7144cb99d2593c740018,6,6.4,6.4.2,ER_H2O_STRESS,Level of water stress: freshwater withdrawal as a proportion of available freshwater resources (%),360,Indonesia,2014,23.54,2013-2017,Food and Agriculture Organisation of United Nations (FAO),,
677b7144cb99d2593c740019,6,6.4,6.4.2,ER_H2O_STRESS,Level of water stress: freshwater withdrawal as a proportion of available freshwater resources (%),360,Indonesia,2014,1.53,2013-2017,Food and Agriculture Organisation of United Nations (FAO),,
677b7144cb99d2593c74001a,6,6.4,6.4.2,ER_H2O_STRESS,Level of water stress: freshwater withdrawal as a proportion of available freshwater resources (%),360,Indonesia,2015,24.42,2013-2017,Food and Agriculture Organisation of United Nations (FAO),,
677b7144cb99d2593c74001b,6,6.4,6.4.2,ER_H2O_STRESS,Level of water stress: freshwater withdrawal as a proportion of available freshwater resources (%),360,Indonesia,2015,1.38,2013-2017,Food and Agriculture Organisation of United Nations (FAO),,
677b7144cb99d2593c74001c,6,6.4,6.4.2,ER_H2O_STRESS,Level of water stress: freshwater withdrawal as a proportion of available freshwater resources (%),360,Indonesia,2015,2.99,2013-2017,Food and Agriculture Organisation of United Nations (FAO),,
677b7144cb99d2593c74001d,6,6.4,6.4.2,ER_H2O_STRESS,Level of water stress: freshwater withdrawal as a proportion of available freshwater resources (%),360,Indonesia,2015,28.78,2013-2017,Food and Agriculture Organisation of United Nations (FAO),,
677b7144cb99d2593c74001e,6,6.4,6.4.2,ER_H2O_STRESS,Level of water stress: freshwater withdrawal as a proportion of available freshwater resources (%),360,Indonesia,2016,29.7,2013-2017,Food and Agriculture Organisation of United Nations (FAO),,
677b7144cb99d2593c74001f,6,6.4,6.4.2,ER_H2O_STRESS,Level of water stress: freshwater withdrawal as a proportion of available freshwater resources (%),360,Indonesia,2016,3.17,2013-2017,Food and Agriculture Organisation of United Nations (FAO),,
677b7144cb99d2593c740020,6,6.4,6.4.2,ER_H2O_STRESS,Level of water stress: freshwater withdrawal as a proportion of available freshwater resources (%),360,Indonesia,2016,1.22,2013-2017,Food and Agriculture Organisation of United Nations (FAO),,
677b7144cb99d2593c740021,6,6.4,6.4.2,ER_H2O_STRESS,Level of water stress: freshwater withdrawal as a proportion of available freshwater resources (%),360,Indonesia,2016,25.3,2013-2017,Food and Agriculture Organisation of United Nations (FAO),,
677b7144cb99d2593c740022,6,6.4,6.4.2,ER_H2O_STRESS,Level of water stress: freshwater withdrawal as a proportion of available freshwater resources (%),360,Indonesia,2017,1.22,2013-2017,Food and Agriculture Organisation of United Nations (FAO),,
677b7144cb99d2593c740023,6,6.4,6.4.2,ER_H2O_STRESS,Level of water stress: freshwater withdrawal as a proportion of available freshwater resources (%),360,Indonesia,2017,25.3,2013-2017,Food and Agriculture Organisation of United Nations (FAO),,
677b7144cb99d2593c740024,6,6.4,6.4.2,ER_H2O_STRESS,Level of water stress: freshwater withdrawal as a proportion of available freshwater resources (%),360,Indonesia,2017,3.17,2013-2017,Food and Agriculture Organisation of United Nations (FAO),,
677b7144cb99d2593c740025,6,6.4,6.4.2,ER_H2O_STRESS,Level of water stress: freshwater withdrawal as a proportion of available freshwater resources (%),360,Indonesia,2017,29.7,2013-2017,Food and Agriculture Organisation of United Nations (FAO),,
677b7144cb99d2593c740026,6,6.4,6.4.2,ER_H2O_STRESS,Level of water stress: freshwater withdrawal as a proportion of available freshwater resources (%),360,Indonesia,2018,29.7,2018-2022,Food and Agriculture Organisation of United Nations (FAO),,
677b7144cb99d2593c740027,6,6.4,6.4.2,ER_H2O_STRESS,Level of water stress: freshwater withdrawal as a proportion of available freshwater resources (%),360,Indonesia,2018,3.17,2018-2022,Food and Agriculture Organisation of United Nations (FAO),,
677b7144cb99d2593c740028,6,6.4,6.4.2,ER_H2O_STRESS,Level of water stress: freshwater withdrawal as a proportion of available freshwater resources (%),360,Indonesia,2018,1.22,2018-2022,Food and Agriculture Organisation of United Nations (FAO),,
677b7144cb99d2593c740029,6,6.4,6.4.2,ER_H2O_STRESS,Level of water stress: freshwater withdrawal as a proportion of available freshwater resources (%),360,Indonesia,2018,25.3,2018-2022,Food and Agriculture Organisation of United Nations (FAO),,
677b7144cb99d2593c74002a,6,6.4,6.4.2,ER_H2O_STRESS,Level of water stress: freshwater withdrawal as a proportion of available freshwater resources (%),360,Indonesia,2019,25.3,2018-2022,Food and Agriculture Organisation of United Nations (FAO),,
677b7144cb99d2593c74002b,6,6.4,6.4.2,ER_H2O_STRESS,Level of water stress: freshwater withdrawal as a proportion of available freshwater resources (%),360,Indonesia,2019,1.22,2018-2022,Food and Agriculture Organisation of United Nations (FAO),,
677b7144cb99d2593c74002c,6,6.4,6.4.2,ER_H2O_STRESS,Level of water stress: freshwater withdrawal as a proportion of available freshwater resources (%),360,Indonesia,2019,3.17,2018-2022,Food and Agriculture Organisation of United Nations (FAO),,
677b7144cb99d2593c74002d,6,6.4,6.4.2,ER_H2O_STRESS,Level of water stress: freshwater withdrawal as a proportion of available freshwater resources (%),360,Indonesia,2019,29.7,2018-2022,Food and Agriculture Organisation of United Nations (FAO),,
677b7144cb99d2593c74002e,6,6.4,6.4.2,ER_H2O_STRESS,Level of water stress: freshwater withdrawal as a proportion of available freshwater resources (%),360,Indonesia,2020,1.22,2018-2022,Food and Agriculture Organisation of United Nations (FAO),,
677b7144cb99d2593c74002f,6,6.4,6.4.2,ER_H2O_STRESS,Level of water stress: freshwater withdrawal as a proportion of available freshwater resources (%),360,Indonesia,2020,25.3,2018-2022,Food and Agriculture Organisation of United Nations (FAO),,
677b7144cb99d2593c740030,6,6.4,6.4.2,ER_H2O_STRESS,Level of water stress: freshwater withdrawal as a proportion of available freshwater resources (%),360,Indonesia,2020,29.7,2018-2022,Food and Agriculture Organisation of United Nations (FAO),,
677b7144cb99d2593c740031,6,6.4,6.4.2,ER_H2O_STRESS,Level of water stress: freshwater withdrawal as a proportion of available freshwater resources (%),360,Indonesia,2020,3.17,2018-2022,Food and Agriculture Organisation of United Nations (FAO),,
677b7144cb99d2593c740032,6,6.4,6.4.2,ER_H2O_STRESS,Level of water stress: freshwater withdrawal as a proportion of available freshwater resources (%),360,Indonesia,2021,25.3,2018-2022,Food and Agriculture Organisation of United Nations (FAO),,
677b7144cb99d2593c740033,6,6.4,6.4.2,ER_H2O_STRESS,Level of water stress: freshwater withdrawal as a proportion of available freshwater resources (%),360,Indonesia,2021,1.22,2018-2022,Food and Agriculture Organisation of United Nations (FAO),,
677b7144cb99d2593c740034,6,6.4,6.4.2,ER_H2O_STRESS,Level of water stress: freshwater withdrawal as a proportion of available freshwater resources (%),360,Indonesia,2021,3.17,2018-2022,Food and Agriculture Organisation of United Nations (FAO),,
677b7144cb99d2593c740035,6,6.4,6.4.2,ER_H2O_STRESS,Level of water stress: freshwater withdrawal as a proportion of available freshwater resources (%),360,Indonesia,2021,29.7,2018-2022,Food and Agriculture Organisation of United Nations (FAO),,
677b7164cb99d2593c740037,6,6.5,6.5.1,ER_H2O_IWRMD,Degree of integrated water resources management implementation (%),360,Indonesia,2017,48,2017,"Directorate of Water Resources, Ministry of State Development Planning/BAPPENAS ",,
677b7164cb99d2593c740038,6,6.5,6.5.1,ER_H2O_IWRMD,Degree of integrated water resources management implementation (%),360,Indonesia,2020,66,2020,"Directorate of Water Resources, Ministry of State Development Planning/BAPPENAS ",,
677b7164cb99d2593c740039,6,6.5,6.5.1,ER_H2O_IWRMD,Degree of integrated water resources management implementation (%),360,Indonesia,2023,70,2023,"Directorate of Water Resources, Ministry of State Development Planning/BAPPENAS ",,
677b717acb99d2593c74003c,6,6.5,6.5.2,EG_TBA_H2CO,Proportion of transboundary basins (river and lake basins and aquifers) with an operational arrangement for water cooperation (%),360,Indonesia,2020,1.22,2020-2022,Source: Relevant country authority; ,,
677b717acb99d2593c74003d,6,6.5,6.5.2,EG_TBA_H2CO,Proportion of transboundary basins (river and lake basins and aquifers) with an operational arrangement for water cooperation (%),360,Indonesia,2023,1.22,2020-2022,Source: Relevant country authority; ,,
677b7192cb99d2593c740040,6,6.5,6.5.2,EG_TBA_H2COAQ,Proportion of transboundary aquifers with an operational arrangement for water cooperation (%),360,Indonesia,2020,0,2020-2022,Source: Relevant country authority; ,,
677b7192cb99d2593c740041,6,6.5,6.5.2,EG_TBA_H2COAQ,Proportion of transboundary aquifers with an operational arrangement for water cooperation (%),360,Indonesia,2023,0,2020-2022,Source: Relevant country authority; ,,
677b71a4cb99d2593c740043,6,6.5,6.5.2,EG_TBA_H2CORL,Proportion of transboundary river and lake basins with an operational arrangement for water cooperation (%),360,Indonesia,2020,89.93,2020-2022,Source: Relevant country authority; ,,
677b71a4cb99d2593c740044,6,6.5,6.5.2,EG_TBA_H2CORL,Proportion of transboundary river and lake basins with an operational arrangement for water cooperation (%),360,Indonesia,2023,89.93,2020-2022,Source: Relevant country authority; ,,
677b71b6cb99d2593c740046,6,6.6,6.6.1,EN_LKRV_PWAP,Lakes and rivers permanent water area (% of total land area),360,Indonesia,2000,0.00319,1995-1999,Global Surface Water Explorer extraction for UN Environment Programme,,
677b71b6cb99d2593c740047,6,6.6,6.6.1,EN_LKRV_PWAP,Lakes and rivers permanent water area (% of total land area),360,Indonesia,2001,0.00347,1996-2000,Global Surface Water Explorer extraction for UN Environment Programme,,
677b71b6cb99d2593c740048,6,6.6,6.6.1,EN_LKRV_PWAP,Lakes and rivers permanent water area (% of total land area),360,Indonesia,2002,0.00369,1997-2001,Global Surface Water Explorer extraction for UN Environment Programme,,
677b71b6cb99d2593c740049,6,6.6,6.6.1,EN_LKRV_PWAP,Lakes and rivers permanent water area (% of total land area),360,Indonesia,2003,0.00378,1998-2002,Global Surface Water Explorer extraction for UN Environment Programme,,
677b71b6cb99d2593c74004a,6,6.6,6.6.1,EN_LKRV_PWAP,Lakes and rivers permanent water area (% of total land area),360,Indonesia,2004,0.00422,1999-2003,Global Surface Water Explorer extraction for UN Environment Programme,,
677b71b6cb99d2593c74004b,6,6.6,6.6.1,EN_LKRV_PWAP,Lakes and rivers permanent water area (% of total land area),360,Indonesia,2005,0.00425,2000-2004,Global Surface Water Explorer extraction for UN Environment Programme,,
677b71b6cb99d2593c74004c,6,6.6,6.6.1,EN_LKRV_PWAP,Lakes and rivers permanent water area (% of total land area),360,Indonesia,2006,0.00426,2001-2005,Global Surface Water Explorer extraction for UN Environment Programme,,
677b71b6cb99d2593c74004d,6,6.6,6.6.1,EN_LKRV_PWAP,Lakes and rivers permanent water area (% of total land area),360,Indonesia,2007,0.00424,2002-2006,Global Surface Water Explorer extraction for UN Environment Programme,,
677b71b6cb99d2593c74004e,6,6.6,6.6.1,EN_LKRV_PWAP,Lakes and rivers permanent water area (% of total land area),360,Indonesia,2008,0.00432,2003-2007,Global Surface Water Explorer extraction for UN Environment Programme,,
677b71b6cb99d2593c74004f,6,6.6,6.6.1,EN_LKRV_PWAP,Lakes and rivers permanent water area (% of total land area),360,Indonesia,2009,0.00435,2004-2008,Global Surface Water Explorer extraction for UN Environment Programme,,
677b71b6cb99d2593c740050,6,6.6,6.6.1,EN_LKRV_PWAP,Lakes and rivers permanent water area (% of total land area),360,Indonesia,2010,0.00439,2005-2009,Global Surface Water Explorer extraction for UN Environment Programme,,
677b71b6cb99d2593c740051,6,6.6,6.6.1,EN_LKRV_PWAP,Lakes and rivers permanent water area (% of total land area),360,Indonesia,2011,0.00443,2006-2010,Global Surface Water Explorer extraction for UN Environment Programme,,
677b71b6cb99d2593c740052,6,6.6,6.6.1,EN_LKRV_PWAP,Lakes and rivers permanent water area (% of total land area),360,Indonesia,2012,0.00447,2007-2011,Global Surface Water Explorer extraction for UN Environment Programme,,
677b71b6cb99d2593c740053,6,6.6,6.6.1,EN_LKRV_PWAP,Lakes and rivers permanent water area (% of total land area),360,Indonesia,2013,0.00445,2008-2012,Global Surface Water Explorer extraction for UN Environment Programme,,
677b71b6cb99d2593c740054,6,6.6,6.6.1,EN_LKRV_PWAP,Lakes and rivers permanent water area (% of total land area),360,Indonesia,2014,0.00442,2009-2013,Global Surface Water Explorer extraction for UN Environment Programme,,
677b71b6cb99d2593c740055,6,6.6,6.6.1,EN_LKRV_PWAP,Lakes and rivers permanent water area (% of total land area),360,Indonesia,2015,0.00438,2010-2014,Global Surface Water Explorer extraction for UN Environment Programme,,
677b71b6cb99d2593c740056,6,6.6,6.6.1,EN_LKRV_PWAP,Lakes and rivers permanent water area (% of total land area),360,Indonesia,2016,0.00425,2011-2015,Global Surface Water Explorer extraction for UN Environment Programme,,
677b71b6cb99d2593c740057,6,6.6,6.6.1,EN_LKRV_PWAP,Lakes and rivers permanent water area (% of total land area),360,Indonesia,2017,0.00429,2012-2016,Global Surface Water Explorer extraction for UN Environment Programme,,
677b71b6cb99d2593c740058,6,6.6,6.6.1,EN_LKRV_PWAP,Lakes and rivers permanent water area (% of total land area),360,Indonesia,2018,0.00437,2013-2017,Global Surface Water Explorer extraction for UN Environment Programme,,
677b71b6cb99d2593c740059,6,6.6,6.6.1,EN_LKRV_PWAP,Lakes and rivers permanent water area (% of total land area),360,Indonesia,2019,0.00439,2014-2018,Global Surface Water Explorer extraction for UN Environment Programme,,
677b71b6cb99d2593c74005a,6,6.6,6.6.1,EN_LKRV_PWAP,Lakes and rivers permanent water area (% of total land area),360,Indonesia,2020,0.00439,2015-2019,Global Surface Water Explorer extraction for UN Environment Programme,,
677b71b6cb99d2593c74005b,6,6.6,6.6.1,EN_LKRV_PWAP,Lakes and rivers permanent water area (% of total land area),360,Indonesia,2021,0.00457,2016-2020,Global Surface Water Explorer extraction for UN Environment Programme,,
677b71b6cb99d2593c74005c,6,6.6,6.6.1,EN_LKRV_PWAP,Lakes and rivers permanent water area (% of total land area),360,Indonesia,2022,0.00465,2017-2021,Global Surface Water Explorer extraction for UN Environment Programme,,
677b71c6cb99d2593c74005e,6,6.a,6.a.1,DC_TOF_WASHL,"Total official development assistance (gross disbursement) for water supply and sanitation, by recipient countries (millions of constant 2022 United States dollars)",360,Indonesia,2000,90.04891,2000,The Organisation for Economic Co-operation and Development (OECD).,"Commitments: Based on OECD, CRS databased, 2024: Constant 2022 USD million",2022
677b71c6cb99d2593c74005f,6,6.a,6.a.1,DC_TOF_WASHL,"Total official development assistance (gross disbursement) for water supply and sanitation, by recipient countries (millions of constant 2022 United States dollars)",360,Indonesia,2001,256.484,2001,The Organisation for Economic Co-operation and Development (OECD).,"Commitments: Based on OECD, CRS databased, 2024: Constant 2022 USD million",2022
677b71c6cb99d2593c740060,6,6.a,6.a.1,DC_TOF_WASHL,"Total official development assistance (gross disbursement) for water supply and sanitation, by recipient countries (millions of constant 2022 United States dollars)",360,Indonesia,2002,48.14922,2002,The Organisation for Economic Co-operation and Development (OECD).,"Gross disbursements: Based on OECD, CRS databased, 2024: Constant 2022 USD million",2022
677b71c6cb99d2593c740061,6,6.a,6.a.1,DC_TOF_WASHL,"Total official development assistance (gross disbursement) for water supply and sanitation, by recipient countries (millions of constant 2022 United States dollars)",360,Indonesia,2003,50.38366,2003,The Organisation for Economic Co-operation and Development (OECD).,"Gross disbursements: Based on OECD, CRS databased, 2024: Constant 2022 USD million",2022
677b71c6cb99d2593c740062,6,6.a,6.a.1,DC_TOF_WASHL,"Total official development assistance (gross disbursement) for water supply and sanitation, by recipient countries (millions of constant 2022 United States dollars)",360,Indonesia,2004,63.23385,2004,The Organisation for Economic Co-operation and Development (OECD).,"Gross disbursements: Based on OECD, CRS databased, 2024: Constant 2022 USD million",2022
677b71c6cb99d2593c740063,6,6.a,6.a.1,DC_TOF_WASHL,"Total official development assistance (gross disbursement) for water supply and sanitation, by recipient countries (millions of constant 2022 United States dollars)",360,Indonesia,2005,87.86777,2005,The Organisation for Economic Co-operation and Development (OECD).,"Gross disbursements: Based on OECD, CRS databased, 2024: Constant 2022 USD million",2022
677b71c6cb99d2593c740064,6,6.a,6.a.1,DC_TOF_WASHL,"Total official development assistance (gross disbursement) for water supply and sanitation, by recipient countries (millions of constant 2022 United States dollars)",360,Indonesia,2006,185.56832,2006,The Organisation for Economic Co-operation and Development (OECD).,"Gross disbursements: Based on OECD, CRS databased, 2024: Constant 2022 USD million",2022
677b71c6cb99d2593c740065,6,6.a,6.a.1,DC_TOF_WASHL,"Total official development assistance (gross disbursement) for water supply and sanitation, by recipient countries (millions of constant 2022 United States dollars)",360,Indonesia,2007,178.11565,2007,The Organisation for Economic Co-operation and Development (OECD).,"Gross disbursements: Based on OECD, CRS databased, 2024: Constant 2022 USD million",2022
677b71c6cb99d2593c740066,6,6.a,6.a.1,DC_TOF_WASHL,"Total official development assistance (gross disbursement) for water supply and sanitation, by recipient countries (millions of constant 2022 United States dollars)",360,Indonesia,2008,178.30447,2008,The Organisation for Economic Co-operation and Development (OECD).,"Gross disbursements: Based on OECD, CRS databased, 2024: Constant 2022 USD million",2022
677b71c6cb99d2593c740067,6,6.a,6.a.1,DC_TOF_WASHL,"Total official development assistance (gross disbursement) for water supply and sanitation, by recipient countries (millions of constant 2022 United States dollars)",360,Indonesia,2009,223.81232,2009,The Organisation for Economic Co-operation and Development (OECD).,"Gross disbursements: Based on OECD, CRS databased, 2024: Constant 2022 USD million",2022
677b71c6cb99d2593c740068,6,6.a,6.a.1,DC_TOF_WASHL,"Total official development assistance (gross disbursement) for water supply and sanitation, by recipient countries (millions of constant 2022 United States dollars)",360,Indonesia,2010,260.01479,2010,The Organisation for Economic Co-operation and Development (OECD).,"Gross disbursements: Based on OECD, CRS databased, 2024: Constant 2022 USD million",2022
677b71c6cb99d2593c740069,6,6.a,6.a.1,DC_TOF_WASHL,"Total official development assistance (gross disbursement) for water supply and sanitation, by recipient countries (millions of constant 2022 United States dollars)",360,Indonesia,2011,263.37742,2011,The Organisation for Economic Co-operation and Development (OECD).,"Gross disbursements: Based on OECD, CRS databased, 2024: Constant 2022 USD million",2022
677b71c6cb99d2593c74006a,6,6.a,6.a.1,DC_TOF_WASHL,"Total official development assistance (gross disbursement) for water supply and sanitation, by recipient countries (millions of constant 2022 United States dollars)",360,Indonesia,2012,211.06495,2012,The Organisation for Economic Co-operation and Development (OECD).,"Gross disbursements: Based on OECD, CRS databased, 2024: Constant 2022 USD million",2022
677b71c6cb99d2593c74006b,6,6.a,6.a.1,DC_TOF_WASHL,"Total official development assistance (gross disbursement) for water supply and sanitation, by recipient countries (millions of constant 2022 United States dollars)",360,Indonesia,2013,183.48043,2013,The Organisation for Economic Co-operation and Development (OECD).,"Gross disbursements: Based on OECD, CRS databased, 2024: Constant 2022 USD million",2022
677b71c6cb99d2593c74006c,6,6.a,6.a.1,DC_TOF_WASHL,"Total official development assistance (gross disbursement) for water supply and sanitation, by recipient countries (millions of constant 2022 United States dollars)",360,Indonesia,2014,126.35092,2014,The Organisation for Economic Co-operation and Development (OECD).,"Gross disbursements: Based on OECD, CRS databased, 2024: Constant 2022 USD million",2022
677b71c6cb99d2593c74006d,6,6.a,6.a.1,DC_TOF_WASHL,"Total official development assistance (gross disbursement) for water supply and sanitation, by recipient countries (millions of constant 2022 United States dollars)",360,Indonesia,2015,121.54995,2015,The Organisation for Economic Co-operation and Development (OECD).,"Gross disbursements: Based on OECD, CRS databased, 2024: Constant 2022 USD million",2022
677b71c6cb99d2593c74006e,6,6.a,6.a.1,DC_TOF_WASHL,"Total official development assistance (gross disbursement) for water supply and sanitation, by recipient countries (millions of constant 2022 United States dollars)",360,Indonesia,2016,118.1189,2016,The Organisation for Economic Co-operation and Development (OECD).,"Gross disbursements: Based on OECD, CRS databased, 2024: Constant 2022 USD million",2022
677b71c6cb99d2593c74006f,6,6.a,6.a.1,DC_TOF_WASHL,"Total official development assistance (gross disbursement) for water supply and sanitation, by recipient countries (millions of constant 2022 United States dollars)",360,Indonesia,2017,105.12706,2017,The Organisation for Economic Co-operation and Development (OECD).,"Gross disbursements: Based on OECD, CRS databased, 2024: Constant 2022 USD million",2022
677b71c6cb99d2593c740070,6,6.a,6.a.1,DC_TOF_WASHL,"Total official development assistance (gross disbursement) for water supply and sanitation, by recipient countries (millions of constant 2022 United States dollars)",360,Indonesia,2018,114.86371,2018,The Organisation for Economic Co-operation and Development (OECD).,"Gross disbursements: Based on OECD, CRS databased, 2024: Constant 2022 USD million",2022
677b71c6cb99d2593c740071,6,6.a,6.a.1,DC_TOF_WASHL,"Total official development assistance (gross disbursement) for water supply and sanitation, by recipient countries (millions of constant 2022 United States dollars)",360,Indonesia,2019,120.33611,2019,The Organisation for Economic Co-operation and Development (OECD).,"Gross disbursements: Based on OECD, CRS databased, 2024: Constant 2022 USD million",2022
677b71c6cb99d2593c740072,6,6.a,6.a.1,DC_TOF_WASHL,"Total official development assistance (gross disbursement) for water supply and sanitation, by recipient countries (millions of constant 2022 United States dollars)",360,Indonesia,2020,163.60148,2020,The Organisation for Economic Co-operation and Development (OECD).,"Gross disbursements: Based on OECD, CRS databased, 2024: Constant 2022 USD million",2022
677b71c6cb99d2593c740073,6,6.a,6.a.1,DC_TOF_WASHL,"Total official development assistance (gross disbursement) for water supply and sanitation, by recipient countries (millions of constant 2022 United States dollars)",360,Indonesia,2021,180.03919,2021,The Organisation for Economic Co-operation and Development (OECD).,"Gross disbursements: Based on OECD, CRS databased, 2024: Constant 2022 USD million",2022
677b71c6cb99d2593c740074,6,6.a,6.a.1,DC_TOF_WASHL,"Total official development assistance (gross disbursement) for water supply and sanitation, by recipient countries (millions of constant 2022 United States dollars)",360,Indonesia,2022,180.86997,2022,The Organisation for Economic Co-operation and Development (OECD).,"Gross disbursements: Based on OECD, CRS databased, 2024: Constant 2022 USD million",2022
677b71dacb99d2593c740076,6,6.b,6.b.1,ER_H2O_RURP,"Countries with users/communities participating in planning programs in rural drinking-water supply, by level of participation (3 = High; 2 = Moderate; 1 = Low; 0 = NA)",360,Indonesia,2014,3,2013,"Key indicators of the UN-Water Global Analysis and Assessment of Sanitation and Drinking-Water (GLAAS). For the specific sources by country, refer to http://www.who.int/water_sanitation_health/monitoring/investments/glaas/en/.",Observation values: 3 = High level of participation; 2 = Moderate level of participation; 1 = Low level of participation; 0 = Not applicable.,
677b71dacb99d2593c740077,6,6.b,6.b.1,ER_H2O_RURP,"Countries with users/communities participating in planning programs in rural drinking-water supply, by level of participation (3 = High; 2 = Moderate; 1 = Low; 0 = NA)",360,Indonesia,2019,2,2018,"Key indicators of the UN-Water Global Analysis and Assessment of Sanitation and Drinking-Water (GLAAS). For the specific sources by country, refer to http://www.who.int/water_sanitation_health/monitoring/investments/glaas/en/.",Observation values: 3 = High level of participation; 2 = Moderate level of participation; 1 = Low level of participation; 0 = Not applicable.,
677b71dacb99d2593c740078,6,6.b,6.b.1,ER_H2O_RURP,"Countries with users/communities participating in planning programs in rural drinking-water supply, by level of participation (3 = High; 2 = Moderate; 1 = Low; 0 = NA)",360,Indonesia,2022,2,2021,"Key indicators of the UN-Water Global Analysis and Assessment of Sanitation and Drinking-Water (GLAAS). For the specific sources by country, refer to http://www.who.int/water_sanitation_health/monitoring/investments/glaas/en/.",Observation values: 3 = High level of participation; 2 = Moderate level of participation; 1 = Low level of participation; 0 = Not applicable.,
677b71eccb99d2593c74007a,6,6.b,6.b.1,ER_H2O_PRDU,"Countries with procedures in law or policy for participation by service users/communities in planning program in rural drinking-water supply, by level of definition in procedures (10 = Clearly defined; 5 = Not clearly defined ; 0 = NA)",360,Indonesia,2012,10,2011,"Key indicators of the UN-Water Global Analysis and Assessment of Sanitation and Drinking-Water (GLAAS). For the specific sources by country, refer to http://www.who.int/water_sanitation_health/monitoring/investments/glaas/en/.",Observation values: 10 = Clearly defined procedures; 5 = Not clearly defined  procedures; 0 = Not applicable.,
677b71eccb99d2593c74007b,6,6.b,6.b.1,ER_H2O_PRDU,"Countries with procedures in law or policy for participation by service users/communities in planning program in rural drinking-water supply, by level of definition in procedures (10 = Clearly defined; 5 = Not clearly defined ; 0 = NA)",360,Indonesia,2014,10,2013,"Key indicators of the UN-Water Global Analysis and Assessment of Sanitation and Drinking-Water (GLAAS). For the specific sources by country, refer to http://www.who.int/water_sanitation_health/monitoring/investments/glaas/en/.",Observation values: 10 = Clearly defined procedures; 5 = Not clearly defined  procedures; 0 = Not applicable.,
677b71eccb99d2593c74007c,6,6.b,6.b.1,ER_H2O_PRDU,"Countries with procedures in law or policy for participation by service users/communities in planning program in rural drinking-water supply, by level of definition in procedures (10 = Clearly defined; 5 = Not clearly defined ; 0 = NA)",360,Indonesia,2019,10,2018,"Key indicators of the UN-Water Global Analysis and Assessment of Sanitation and Drinking-Water (GLAAS). For the specific sources by country, refer to http://www.who.int/water_sanitation_health/monitoring/investments/glaas/en/.",Observation values: 10 = Clearly defined procedures; 5 = Not clearly defined  procedures; 0 = Not applicable.,
677b71eccb99d2593c74007d,6,6.b,6.b.1,ER_H2O_PRDU,"Countries with procedures in law or policy for participation by service users/communities in planning program in rural drinking-water supply, by level of definition in procedures (10 = Clearly defined; 5 = Not clearly defined ; 0 = NA)",360,Indonesia,2022,10,2021,"Key indicators of the UN-Water Global Analysis and Assessment of Sanitation and Drinking-Water (GLAAS). For the specific sources by country, refer to http://www.who.int/water_sanitation_health/monitoring/investments/glaas/en/.",Observation values: 10 = Clearly defined procedures; 5 = Not clearly defined  procedures; 0 = Not applicable.,
677b71fbcb99d2593c74007f,6,6.b,6.b.1,ER_WAT_PART,"Countries with users/communities participating in planning programs in water resources planning and management, by level of participation (3 = High; 2 = Moderate; 1 = Low; 0 = NA)",360,Indonesia,2019,2,2018,"Key indicators of the UN-Water Global Analysis and Assessment of Sanitation and Drinking-Water (GLAAS). For the specific sources by country, refer to http://www.who.int/water_sanitation_health/monitoring/investments/glaas/en/.",Observation values: 3 = High level of participation; 2 = Moderate level of participation; 1 = Low level of participation; 0 = Not applicable.,
677b71fbcb99d2593c740080,6,6.b,6.b.1,ER_WAT_PART,"Countries with users/communities participating in planning programs in water resources planning and management, by level of participation (3 = High; 2 = Moderate; 1 = Low; 0 = NA)",360,Indonesia,2022,3,2021,"Key indicators of the UN-Water Global Analysis and Assessment of Sanitation and Drinking-Water (GLAAS). For the specific sources by country, refer to http://www.who.int/water_sanitation_health/monitoring/investments/glaas/en/.",Observation values: 3 = High level of participation; 2 = Moderate level of participation; 1 = Low level of participation; 0 = Not applicable.,
677b7209cb99d2593c740082,6,6.b,6.b.1,ER_WAT_PRDU,"Countries with procedures in law or policy for participation by service users/communities in planning program in water resources planning and management, by level of definition in procedures (10 = Clearly defined; 5 = Not clearly defined ; 0 = NA)",360,Indonesia,2019,10,2018,"Key indicators of the UN-Water Global Analysis and Assessment of Sanitation and Drinking-Water (GLAAS). For the specific sources by country, refer to http://www.who.int/water_sanitation_health/monitoring/investments/glaas/en/.",Observation values: 10 = Clearly defined procedures; 5 = Not clearly defined  procedures; 0 = Not applicable.,
677b7209cb99d2593c740083,6,6.b,6.b.1,ER_WAT_PRDU,"Countries with procedures in law or policy for participation by service users/communities in planning program in water resources planning and management, by level of definition in procedures (10 = Clearly defined; 5 = Not clearly defined ; 0 = NA)",360,Indonesia,2022,10,2021,"Key indicators of the UN-Water Global Analysis and Assessment of Sanitation and Drinking-Water (GLAAS). For the specific sources by country, refer to http://www.who.int/water_sanitation_health/monitoring/investments/glaas/en/.",Observation values: 10 = Clearly defined procedures; 5 = Not clearly defined  procedures; 0 = Not applicable.,
